chrom	start	end	region_id	callable_bp	n_variants	mean_DAF	median_DAF	fraction_rare	variants_per_Mb_callable
chr1	1213662	1213785	RNA1	123	40	3.380970260877498e-05	1.4699399798701052e-05	1.0	325203.2520325203
chr1	1320995	1321093	RNA2	98	19	2.939987356703602e-05	1.4700300198455809e-05	1.0	193877.55102040817
chr1	1452045	1452122	RNA3	77	0				0.0
chr1	1722707	1722831	RNA4	100	6	2.598316617271242e-06	0.0	1.0	60000.0
chr1	2055440	2055562	RNA5	122	35	1.553978017909685e-05	1.4697199731017465e-05	1.0	286885.24590163934
chr1	3602465	3602600	RNA6	135	46	3.8991068994731294e-05	1.4698300219606608e-05	1.0	340740.74074074073
chr1	3773062	3773181	RNA7	119	32	6.292415466191408e-05	7.347950031544315e-06	1.0	268907.56302521005
chr1	3852294	3852421	RNA8	127	32	2.5264240292694858e-05	1.4698999621032272e-05	1.0	251968.50393700786
chr1	6168149	6168277	RNA9	128	26	2.374609626852898e-05	7.348200142587302e-06	1.0	203125.0
chr1	7962762	7962875	RNA10	113	33	1.850395170604586e-05	0.0	1.0	292035.3982300885
chr1	8874823	8874917	RNA11	94	17	1.0375506034881041e-05	0.0	1.0	180851.06382978725
chr1	9069503	9069594	RNA12	91	12	0.004725431724940171	0.0	0.9166666666666666	131868.13186813187
chr1	10469176	10469338	RNA13	162	20	0.00025501272875771524	0.0	1.0	123456.79012345678
chr1	11046890	11047119	RNA14	229	62	0.016159871786972105	1.4699199709866662e-05	0.9838709677419355	270742.35807860264
chr1	12580522	12580666	RNA15	144	31	0.03903269385908413	1.4696400285174605e-05	0.9354838709677419	215277.77777777778
chr1	14960683	14960875	RNA16	192	49	2.2497369265728477e-05	1.4696799553348685e-05	1.0	255208.3333333333
chr1	14960683	14960875	RNA17	192	49	2.2497369265728477e-05	1.4696799553348685e-05	1.0	255208.3333333333
chr1	15440299	15440391	RNA18	92	18	5.644686633685247e-05	1.5101200006029105e-05	1.0	195652.1739130435
chr1	15737928	15737994	RNA19	66	13	5.3135739318127835e-05	0.0	1.0	196969.69696969696
chr1	15764963	15765233	RNA20	270	68	0.014722955755065839	1.4698100130772218e-05	0.9852941176470589	251851.85185185182
chr1	18634302	18634538	RNA21	236	46	1.9489147926714714e-05	1.469724975322606e-05	1.0	194915.25423728814
chr1	18890011	18890105	RNA22	94	23	2.044896522736572e-05	1.4696400285174605e-05	1.0	244680.8510638298
chr1	19201717	19201815	RNA23	98	14	0.000154364242722034	1.4697900041937828e-05	1.0	142857.14285714284
chr1	21290069	21290156	RNA24	87	0				0.0
chr1	21560625	21560745	RNA25	120	26	9.045703896285537e-06	0.0	1.0	216666.6666666667
chr1	23524382	23524488	RNA26	106	23	1.6007965195572268e-05	1.4699399798701052e-05	1.0	216981.13207547172
chr1	23978712	23978817	RNA27	105	8	1.1026112247236597e-05	1.470199958930607e-05	1.0	76190.4761904762
chr1	24180730	24180854	RNA28	124	18	1.3887872278748873e-05	0.0	1.0	145161.29032258067
chr1	24595423	24595512	RNA29	89	18	9.798300046289418e-06	0.0	1.0	202247.19101123596
chr1	25823018	25823128	RNA30	110	12	1.4699808313404597e-05	1.4698999621032272e-05	1.0	109090.90909090909
chr1	25904663	25904738	RNA31	75	12	2.2047258047071017e-05	7.347950031544315e-06	1.0	160000.0
chr1	26066267	26066440	RNA32	173	46	0.0021033987468992697	7.347549853875535e-06	0.9782608695652174	265895.9537572254
chr1	26432890	26433008	RNA33	118	18	4.7357032700444004e-05	1.4696999642183075e-05	1.0	152542.37288135593
chr1	27789561	27789631	RNA34	70	5	1.4698519953526556e-05	1.4698500308440998e-05	1.0	71428.57142857142
chr1	27914062	27914169	RNA35	107	22	0.00032286863291697645	7.349699899350526e-06	1.0	205607.476635514
chr1	32154587	32154721	RNA36	134	0				0.0
chr1	32361729	32361876	RNA37	147	38	3.0963444619132156e-05	0.0	1.0	258503.40136054423
chr1	33270486	33270612	RNA38	126	13	1.243842283516782e-05	1.4698100130772218e-05	1.0	103174.60317460317
chr1	35093913	35094083	RNA39	170	24	1.837143319486479e-05	0.0	1.0	141176.4705882353
chr1	36084869	36085077	RNA40	208	53	0.018921447542901277	1.4696799553348685e-05	0.9811320754716981	254807.69230769228
chr1	38998170	38998311	RNA41	141	17	1.1240147186441718e-05	0.0	1.0	120567.37588652481
chr1	40092397	40092507	RNA42	110	21	1.0499280896120971e-05	0.0	1.0	190909.0909090909
chr1	40454202	40454288	RNA43	86	0				0.0
chr1	40738835	40738948	RNA44	113	21	0.02769929300016624	0.0	0.9523809523809523	185840.70796460178
chr1	40983277	40983456	RNA45	179	12	1.1023325138618626e-05	1.4696800008096034e-05	1.0	67039.1061452514
chr1	42767508	42767624	RNA46	116	0				0.0
chr1	43270680	43270793	RNA47	113	16	1.8377537287502104e-05	7.350150099227904e-06	1.0	141592.9203539823
chr1	46080641	46080750	RNA48	109	18	7.021978096114311e-05	0.0	1.0	165137.6146788991
chr1	47229653	47229771	RNA49	118	23	3.323670847273582e-05	1.4698500308440998e-05	1.0	194915.25423728814
chr1	51112463	51112569	RNA50	106	10	3.235849935662877e-05	0.0	1.0	94339.62264150944
chr1	53326872	53326992	RNA51	120	23	0.027996260025484724	1.4696799553348685e-05	0.9565217391304348	191666.6666666667
chr1	57883998	57884162	RNA52	164	41	0.0244264603902704	1.4701099644298664e-05	0.975609756097561	250000.0
chr1	58695128	58695207	RNA53	79	9	8.169788897147453e-06	0.0	1.0	113924.05063291139
chr1	62439798	62440037	RNA54	239	46	1.9812197993100277e-05	0.0	1.0	192468.61924686193
chr1	66754655	66754777	RNA55	122	24	3.553837533823848e-05	1.4697900041937828e-05	1.0	196721.31147540984
chr1	66926141	66926242	RNA56	101	0				0.0
chr1	68193954	68194227	RNA57	273	59	4.285282267442835e-05	0.0	1.0	216117.21611721613
chr1	77641521	77641655	RNA58	134	29	2.9908530042779466e-05	0.0	1.0	216417.91044776118
chr1	77745420	77745599	RNA59	179	26	1.6958861509080565e-05	1.4697199731017465e-05	1.0	145251.3966480447
chr1	89171745	89171954	RNA60	209	42	0.0317544261570003	0.0	0.9523809523809523	200956.93779904305
chr1	94540256	94540368	RNA61	112	17	0.05885551642426007	1.4696799553348685e-05	0.9411764705882353	151785.71428571426
chr1	103617953	103618100	RNA62	147	0				0.0
chr1	103656284	103656498	RNA63	0	0				
chr1	108659863	108659962	RNA64	99	11	1.0690390974394342e-05	0.0	1.0	111111.11111111111
chr1	109223977	109224048	RNA65	71	10	1.3231710181571543e-05	7.347950031544315e-06	1.0	140845.0704225352
chr1	109625302	109625433	RNA66	131	36	1.2662794410466126e-05	1.4703300166729605e-05	1.0	274809.1603053435
chr1	110009033	110009145	RNA67	112	11	2.2716590633944463e-05	1.4697199731017465e-05	1.0	98214.28571428571
chr1	111691333	111691417	RNA68	84	15	2.4501206219910338e-05	1.4698100130772218e-05	1.0	178571.42857142858
chr1	114780109	114780215	RNA69	106	14	1.3651357026641822e-05	7.350549822149332e-06	1.0	132075.4716981132
chr1	120029905	120029987	RNA70	82	8	2.4980138050521648e-05	0.0	1.0	97560.9756097561
chr1	120763627	120763709	RNA71	82	22	0.045471780577331214	1.6530700122530106e-05	0.9545454545454546	268292.68292682926
chr1	144459365	144459483	RNA72	118	0				0.0
chr1	145724800	145724906	RNA73	106	21	1.5405933395197192e-05	1.470200004405342e-05	1.0	198113.20754716982
chr1	150694655	150694850	RNA74	195	40	5.6248303485515406e-05	0.0	1.0	205128.20512820513
chr1	153636571	153636653	RNA75	82	20	0.05001985039511965	1.4703050055686617e-05	0.95	243902.43902439025
chr1	153776517	153776727	RNA76	210	51	6.340380352020136e-06	0.0	1.0	242857.14285714284
chr1	153955064	153955166	RNA77	102	18	1.960049414467152e-05	1.4698999621032272e-05	1.0	176470.58823529413
chr1	154555859	154555964	RNA78	105	11	2.6732091514118523e-06	0.0	1.0	104761.90476190476
chr1	154953670	154953757	RNA79	87	17	8.650158901325673e-06	1.4698100130772218e-05	1.0	195402.29885057473
chr1	154969377	154969448	RNA80	71	5	8.81947999005206e-06	1.4698100130772218e-05	1.0	70422.5352112676
chr1	155192182	155192283	RNA81	101	30	0.04892379915978987	1.4710850336996373e-05	0.9333333333333333	297029.702970297
chr1	155240629	155240717	RNA82	88	0				0.0
chr1	156130616	156130773	RNA83	157	23	0.00016741048792660076	1.4698500308440998e-05	1.0	146496.8152866242
chr1	156154549	156154717	RNA84	168	52	3.137235015715732e-05	1.4694850051455433e-05	1.0	309523.8095238095
chr1	156620017	156620158	RNA85	141	19	5.3377051938834046e-05	0.0	1.0	134751.7730496454
chr1	156923948	156924098	RNA86	150	36	2.401004998217872e-05	1.4698549875902245e-05	1.0	240000.0
chr1	156986081	156986173	RNA87	92	28	7.350610725812398e-06	0.0	1.0	304347.82608695654
chr1	159893179	159893305	RNA88	126	31	0.0004305979870086011	1.469509970775107e-05	1.0	246031.746031746
chr1	160192801	160192886	RNA89	85	17	6.053352936920847e-06	0.0	1.0	200000.0
chr1	160340180	160340294	RNA90	114	15	1.4701033372451394e-05	1.4701099644298664e-05	1.0	131578.94736842104
chr1	160344721	160344826	RNA91	105	18	2.7765949249033167e-05	0.0	1.0	171428.57142857142
chr1	160884819	160884883	RNA92	64	0				0.0
chr1	162792658	162792862	RNA93	204	43	1.6749248801671914e-05	1.4697199731017465e-05	1.0	210784.3137254902
chr1	163326031	163326174	RNA94	143	17	1.0377958621093593e-05	0.0	1.0	118881.11888111888
chr1	165695251	165695397	RNA95	146	29	2.3828923923276363e-05	1.470159986638464e-05	1.0	198630.13698630137
chr1	167073384	167073539	RNA96	155	41	0.002739126495770305	1.4700300198455809e-05	0.975609756097561	264516.12903225806
chr1	172445072	172445158	RNA97	86	10	1.028971000778256e-05	0.0	1.0	116279.06976744186
chr1	183633081	183633154	RNA98	73	12	3.554619221782859e-05	1.4698099676024867e-05	1.0	164383.5616438356
chr1	185160832	185160925	RNA99	93	13	2.2618361841659343e-05	1.4698500308440998e-05	1.0	139784.94623655913
chr1	186854285	186854387	RNA100	102	15	0.00028957706545042807	1.4728399946761783e-05	1.0	147058.82352941178
chr1	192159219	192159321	RNA101	102	29	1.1660989630086234e-05	1.4700300198455809e-05	1.0	284313.7254901961
chr1	196825476	196825671	RNA102	195	0				0.0
chr1	196982884	196983079	RNA103	195	4	3.674100071293651e-06	0.0	1.0	20512.82051282051
chr1	202159280	202159454	RNA104	174	45	0.00020477124461547942	0.0	1.0	258620.68965517243
chr1	202335645	202335818	RNA105	173	26	0.019578397086766362	1.469744984206045e-05	0.9615384615384616	150289.01734104048
chr1	202966748	202966898	RNA106	150	29	0.0010697526796665659	0.0	1.0	193333.33333333334
chr1	203007773	203007863	RNA107	90	0				0.0
chr1	204149702	204149962	RNA108	260	44	4.3902028272149474e-05	1.470005008741282e-05	1.0	169230.76923076925
chr1	204525483	204525596	RNA109	113	15	3.0392299959192027e-05	1.4697699953103438e-05	1.0	132743.36283185842
chr1	205993419	205993546	RNA110	127	18	0.00021559119426860305	0.0	1.0	141732.28346456692
chr1	207090307	207090481	RNA111	174	29	1.0644127385227155e-05	0.0	1.0	166666.66666666666
chr1	207677388	207677568	RNA112	180	0				0.0
chr1	209594954	209595075	RNA113	121	19	9.437707544030004e-05	1.4699399798701052e-05	1.0	157024.79338842977
chr1	209772947	209773019	RNA114	72	6	0.00040422125024026223	7.349050065386109e-06	1.0	83333.33333333333
chr1	211829058	211829323	RNA115	265	38	9.283894733495177e-06	0.0	1.0	143396.22641509434
chr1	220881193	220881373	RNA116	180	34	0.02939663703554127	0.0	0.9705882352941176	188888.88888888888
chr1	222715683	222715800	RNA117	117	12	4.8996917030308396e-06	0.0	1.0	102564.10256410256
chr1	223654329	223654399	RNA118	70	14	0.07143802107150675	0.0	0.9285714285714286	200000.0
chr1	227925262	227925519	RNA119	257	71	0.00598650095227486	1.4698999621032272e-05	0.971830985915493	276264.59143968875
chr1	228022666	228022908	RNA120	242	46	1.853176312895338e-05	1.469569997425424e-05	1.0	190082.64462809917
chr1	229286485	229286566	RNA121	81	7	2.1036286333193336e-06	0.0	1.0	86419.75308641975
chr1	229506039	229506158	RNA122	119	22	3.207557338927238e-05	0.0	1.0	184873.94957983194
chr1	230755336	230755406	RNA123	70	12	2.327182452669319e-05	7.347549853875535e-06	1.0	171428.57142857142
chr1	233346441	233346622	RNA124	181	16	1.470023119054531e-05	7.348200142587302e-06	1.0	88397.79005524861
chr1	235160892	235161067	RNA125	175	34	0.025836615411983926	7.348599865508732e-06	0.9705882352941176	194285.7142857143
chr1	236523969	236524061	RNA126	92	30	0.03333823254327702	0.0	0.9666666666666667	326086.95652173914
chr1	241355698	241355826	RNA127	128	25	0.03950265213112289	0.0	0.96	195312.5
chr1	246999911	247000074	RNA128	163	30	3.9684849707546866e-05	0.0	1.0	184049.07975460123
chr1	248844482	248844636	RNA129	154	41	2.1151036579371034e-05	0.0	1.0	266233.7662337662
chr10	992488	992659	RNA130	171	34	2.0320341156866068e-05	0.0	1.0	198830.40935672514
chr10	12186228	12186332	RNA131	104	18	0.004305665195210572	1.4696349808218656e-05	0.9444444444444444	173076.92307692306
chr10	14839904	14839985	RNA132	81	8	9.19214994610229e-06	7.351649855991127e-06	1.0	98765.43209876542
chr10	37129892	37130007	RNA133	115	0				0.0
chr10	45307738	45307808	RNA134	70	20	0.050013963579658594	0.0	0.95	285714.2857142857
chr10	46379884	46379975	RNA135	0	0				
chr10	47353324	47353515	RNA136	191	34	3.76112764249234e-05	1.4697699953103438e-05	1.0	178010.47120418848
chr10	50248483	50248646	RNA137	163	27	1.5243214976280498e-05	1.4697199731017465e-05	1.0	165644.1717791411
chr10	54664171	54664290	RNA138	119	25	0.009825202308929873	1.4719699720444623e-05	0.96	210084.03361344538
chr10	60279537	60279639	RNA139	102	9	1.3065022156095236e-05	1.4698500308440998e-05	1.0	88235.29411764706
chr10	67823313	67823392	RNA140	79	7	8.611298237934243e-05	1.4700700376124589e-05	1.0	88607.59493670886
chr10	69483690	69483876	RNA141	186	34	0.001030951584973935	1.4697900041937828e-05	1.0	182795.6989247312
chr10	69631479	69631547	RNA142	68	9	8.164833363682394e-06	0.0	1.0	132352.9411764706
chr10	70123906	70124097	RNA143	191	57	0.00028354120708204146	1.4699399798701052e-05	1.0	298429.3193717277
chr10	71439826	71439898	RNA144	72	18	0.055538402442885444	1.4699000075779622e-05	0.9444444444444444	250000.0
chr10	72223887	72224056	RNA145	169	28	0.00010447159866088598	1.469964990974404e-05	1.0	165680.47337278107
chr10	73479316	73479517	RNA146	201	33	1.2472724158600833e-05	1.4697699953103438e-05	1.0	164179.10447761195
chr10	86656154	86656300	RNA147	146	30	2.7436407102259292e-05	0.0	1.0	205479.4520547945
chr10	86956329	86956425	RNA148	96	18	0.026935963572618165	7.348399776674342e-06	0.9444444444444444	187500.0
chr10	88582201	88582307	RNA149	106	20	2.1311280352162617e-05	0.0	1.0	188679.24528301888
chr10	89705293	89705441	RNA150	148	21	0.00039965397761642106	1.4698999621032272e-05	1.0	141891.8918918919
chr10	94687769	94687932	RNA151	163	27	0.0001241154252932521	0.0	1.0	165644.1717791411
chr10	95194464	95194677	RNA152	213	33	0.02472530475915846	1.4698500308440998e-05	0.9393939393939394	154929.57746478872
chr10	95271632	95271784	RNA153	152	27	1.3066077607854149e-05	0.0	1.0	177631.57894736843
chr10	96833405	96833479	RNA154	74	22	1.3365581956102027e-05	1.4698300219606608e-05	1.0	297297.29729729734
chr10	97400304	97400534	RNA155	230	40	0.016895848820672653	0.0	0.975	173913.04347826086
chr10	97650940	97651141	RNA156	201	15	0.0518449049458771	1.4696400285174605e-05	0.9333333333333333	74626.86567164179
chr10	99659861	99659964	RNA157	103	18	0.00016910019540873896	0.0	1.0	174757.28155339806
chr10	99729552	99729734	RNA158	182	28	1.785140339701602e-05	1.4699199709866662e-05	1.0	153846.15384615384
chr10	100261978	100262063	RNA159	85	6	1.4699833627673797e-05	0.0	1.0	70588.23529411765
chr10	101594657	101594738	RNA160	81	12	1.4699041457788553e-05	1.4696999642183075e-05	1.0	148148.14814814815
chr10	102490548	102490613	RNA161	65	6	4.899066577005821e-06	0.0	1.0	92307.69230769231
chr10	102654652	102654748	RNA162	96	10	1.910757973746513e-05	7.348399776674342e-06	1.0	104166.66666666667
chr10	102705345	102705489	RNA163	144	15	3.0376606082426114e-05	1.4698999621032272e-05	1.0	104166.66666666667
chr10	103348899	103348999	RNA164	100	17	2.075437661165822e-05	1.4699799976369832e-05	1.0	170000.0
chr10	104255162	104255271	RNA165	109	26	0.0769694457465518	1.4702899989060825e-05	0.9230769230769231	238532.11009174315
chr10	114340602	114340731	RNA166	129	21	0.048304315308650106	2.939190017059445e-05	0.9523809523809523	162790.69767441862
chr10	119326515	119326611	RNA167	96	14	0.0009492412171831627	1.4698099676024867e-05	1.0	145833.33333333334
chr10	119751075	119751156	RNA168	81	13	6.783869139326271e-06	0.0	1.0	160493.82716049382
chr10	125721203	125721412	RNA169	209	28	1.1549092862748824e-05	0.0	1.0	133971.2918660287
chr10	132333476	132333734	RNA170	258	45	0.001159293095184288	0.0	0.9777777777777777	174418.6046511628
chr11	534211	534375	RNA171	164	38	0.018480531319758145	0.0	0.9736842105263158	231707.31707317074
chr11	755878	756002	RNA172	124	35	1.763991424793054e-05	1.4697699953103438e-05	1.0	282258.06451612903
chr11	834529	834591	RNA173	62	18	9.800772356053736e-06	0.0	1.0	290322.58064516133
chr11	1295644	1295794	RNA174	150	41	9.609541189646889e-05	1.4697199731017465e-05	1.0	273333.3333333333
chr11	3042164	3042256	RNA175	92	21	2.0995767001641936e-05	1.4693800039822236e-05	1.0	228260.86956521738
chr11	4767269	4767341	RNA176	72	15	9.605859874378752e-05	1.4704999557579868e-05	1.0	208333.33333333334
chr11	8651799	8651903	RNA177	104	12	1.5924649915177724e-05	1.4698099676024867e-05	1.0	115384.61538461539
chr11	9694145	9694286	RNA178	141	19	1.3154273801774252e-05	1.4699799976369832e-05	1.0	134751.7730496454
chr11	14295767	14295855	RNA179	88	11	1.2029563467050055e-05	0.0	1.0	125000.0
chr11	17282788	17282943	RNA180	155	24	2.757058371116146e-05	7.348200142587302e-06	1.0	154838.70967741936
chr11	17548134	17548212	RNA181	78	17	0.058836503747068704	1.47024002217222e-05	0.9411764705882353	217948.71794871794
chr11	18247920	18248015	RNA182	95	18	1.8789972273220375e-05	0.0	1.0	189473.68421052632
chr11	18266883	18266978	RNA183	95	0				0.0
chr11	20388018	20388154	RNA184	136	32	5.9721279683342756e-05	1.4698499853693647e-05	1.0	235294.11764705883
chr11	30580245	30580494	RNA185	249	47	0.0005599929733394427	0.0	1.0	188755.02008032126
chr11	32097143	32097337	RNA186	194	37	2.9950900465627094e-05	0.0	1.0	190721.64948453606
chr11	34108210	34108333	RNA187	123	23	6.519352170826632e-05	1.4698100130772218e-05	1.0	186991.86991869917
chr11	45855981	45856090	RNA188	109	19	1.624448410247327e-05	1.4697699953103438e-05	1.0	174311.9266055046
chr11	46987207	46987310	RNA189	103	20	0.00019032968834835478	0.0	1.0	194174.7572815534
chr11	47847847	47847959	RNA190	112	18	1.4698977540522012e-05	1.4697199731017465e-05	1.0	160714.28571428574
chr11	58724415	58724511	RNA191	96	21	0.006926095759722341	0.0	0.9523809523809523	218750.0
chr11	60089691	60089821	RNA192	130	0				0.0
chr11	60183135	60183331	RNA193	196	0				0.0
chr11	60292224	60292384	RNA194	160	0				0.0
chr11	60462358	60462533	RNA195	175	35	0.028585707679823307	1.4697199731017465e-05	0.9714285714285714	200000.0
chr11	61965368	61965515	RNA196	147	14	0.00027082890658545425	1.4697900041937828e-05	1.0	95238.09523809524
chr11	62611424	62611596	RNA197	172	0				0.0
chr11	62839506	62839659	RNA198	153	52	0.03744956334627694	1.4694600395159796e-05	0.9615384615384616	339869.28104575165
chr11	64225498	64225580	RNA199	82	24	8.57659169165951e-06	0.0	1.0	292682.9268292683
chr11	64254414	64254492	RNA200	78	8	2.3891487217042595e-05	1.470220013288781e-05	1.0	102564.10256410256
chr11	65860972	65861102	RNA201	130	27	1.0890829596771962e-05	1.4699399798701052e-05	1.0	207692.30769230772
chr11	65919779	65919852	RNA202	73	12	1.5921725056008047e-05	1.4696800008096034e-05	1.0	164383.5616438356
chr11	66271796	66271869	RNA203	73	9	1.3068100088275969e-05	1.4700700376124589e-05	1.0	123287.6712328767
chr11	66288080	66288292	RNA204	212	52	0.0009338945979099917	0.0	1.0	245283.01886792452
chr11	66335977	66336158	RNA205	181	77	0.013937416106084313	1.470159986638464e-05	0.974025974025974	425414.364640884
chr11	67442427	67442630	RNA206	203	43	2.1875169908906182e-05	0.0	1.0	211822.66009852214
chr11	67634995	67635263	RNA207	268	53	0.018877077292395454	0.0	0.9811320754716981	197761.19402985074
chr11	70405264	70405361	RNA208	97	19	0.052658654600092725	1.4697699953103438e-05	0.9473684210526315	195876.28865979382
chr11	73468404	73468492	RNA209	88	19	1.3152326238536059e-05	1.4697199731017465e-05	1.0	215909.0909090909
chr11	74168343	74168613	RNA210	270	50	2.233989802334234e-05	7.347100108745508e-06	1.0	185185.18518518517
chr11	76446899	76447008	RNA211	109	16	9.188643787183537e-06	0.0	1.0	146788.9908256881
chr11	83198478	83198558	RNA212	80	11	6.682836432115767e-06	0.0	1.0	137500.0
chr11	93788000	93788167	RNA213	167	26	0.0384592830200745	0.0	0.9615384615384616	155688.62275449102
chr11	94972054	94972193	RNA214	139	11	2.005027239316439e-05	1.4701099644298664e-05	1.0	79136.69064748201
chr11	101922640	101922760	RNA215	120	20	1.763977493283164e-05	1.4698099676024867e-05	1.0	166666.66666666666
chr11	102722428	102722673	RNA216	245	52	0.010854885146710116	1.4698300219606608e-05	0.9807692307692307	212244.89795918367
chr11	103089226	103089318	RNA217	92	9	4.0828521276929414e-05	0.0	1.0	97826.08695652174
chr11	105034207	105034474	RNA218	267	0				0.0
chr11	107815789	107815965	RNA219	176	25	4.003016416390486e-05	1.4701099644298664e-05	1.0	142045.45454545456
chr11	108461478	108461568	RNA220	90	19	1.856737392364479e-05	1.4696799553348685e-05	1.0	211111.11111111112
chr11	110279680	110279756	RNA221	76	10	1.6200150275834956e-05	0.0	1.0	131578.94736842104
chr11	110435833	110435958	RNA222	125	20	1.3230100103100995e-05	0.0	1.0	160000.0
chr11	111964548	111964678	RNA223	130	21	5.59969816787846e-05	2.939449950645212e-05	1.0	161538.46153846156
chr11	112026197	112026299	RNA224	102	25	1.885147634311342e-05	1.4723200365551747e-05	1.0	245098.03921568627
chr11	113202378	113202453	RNA225	75	13	5.655715330459106e-06	0.0	1.0	173333.33333333334
chr11	116837344	116837407	RNA226	63	12	3.797406687529549e-05	2.9400550374703016e-05	1.0	190476.19047619047
chr11	117181415	117181537	RNA227	122	22	1.5386450120948752e-05	1.4716900295752566e-05	1.0	180327.868852459
chr11	118663338	118663439	RNA228	101	20	0.011387431360253681	0.0	0.95	198019.80198019804
chr11	124675237	124675418	RNA229	181	39	0.0005337302882253385	1.4697699953103438e-05	1.0	215469.61325966852
chr11	126210889	126211055	RNA230	166	34	1.3403667841938681e-05	1.4696800008096034e-05	1.0	204819.27710843371
chr11	126271436	126271657	RNA231	221	47	0.00012509004682214776	1.4697199731017465e-05	1.0	212669.68325791854
chr11	130188113	130188273	RNA232	160	31	0.030918641385523506	0.0	0.967741935483871	193750.0
chr11	130461488	130461621	RNA233	133	17	2.0753793625552485e-05	0.0	1.0	127819.54887218044
chr11	134234896	134235053	RNA234	157	28	2.5197789292568014e-05	1.469785001972923e-05	1.0	178343.94904458598
chr12	2959947	2960040	RNA235	93	18	8.983227720212502e-06	0.0	1.0	193548.38709677418
chr12	6225425	6225534	RNA236	109	21	9.100243048686978e-06	0.0	1.0	192660.55045871562
chr12	9203767	9203951	RNA237	184	33	1.4257654666750533e-05	0.0	1.0	179347.8260869565
chr12	9862498	9862573	RNA238	75	10	5.882220011699246e-06	0.0	1.0	133333.33333333334
chr12	10089123	10089222	RNA239	99	28	8.924342767256479e-06	0.0	1.0	282828.2828282828
chr12	10169073	10169175	RNA240	102	22	6.682686406830643e-06	0.0	1.0	215686.27450980394
chr12	10309387	10309480	RNA241	93	18	3.426960296968786e-05	0.0	1.0	193548.38709677418
chr12	10388770	10388875	RNA242	105	27	6.0983410548937e-05	1.470159986638464e-05	1.0	257142.85714285713
chr12	10450969	10451187	RNA243	218	38	1.1211236525064859e-05	0.0	1.0	174311.9266055046
chr12	16354230	16354378	RNA244	148	28	8.400853533073263e-06	0.0	1.0	189189.1891891892
chr12	20699551	20699705	RNA245	154	24	0.003234095134340954	1.4709549759572838e-05	0.9583333333333334	155844.15584415584
chr12	31960776	31960871	RNA246	95	19	1.1604652507613585e-05	0.0	1.0	200000.0
chr12	45302013	45302093	RNA247	80	18	5.308114896251553e-05	1.4698099676024867e-05	1.0	225000.0
chr12	49129499	49129722	RNA248	223	19	2.1661568194084788e-05	1.4698100130772218e-05	1.0	85201.7937219731
chr12	49566721	49566841	RNA249	120	26	0.034239905686997814	1.4695749996462837e-05	0.9615384615384616	216666.6666666667
chr12	49963491	49963656	RNA250	165	38	2.4366450313540275e-05	1.469509970775107e-05	1.0	230303.0303030303
chr12	51118620	51118772	RNA251	152	15	3.135367981788353e-05	1.469549988541985e-05	1.0	98684.21052631579
chr12	51345794	51345877	RNA252	83	26	0.0045186808119979	1.4703100077895215e-05	0.9615384615384616	313253.0120481928
chr12	53300149	53300262	RNA253	113	16	8.544031919654026e-05	0.0	1.0	141592.9203539823
chr12	54499354	54499465	RNA254	111	16	2.7563681669556332e-05	0.0	1.0	144144.14414414414
chr12	56023670	56023764	RNA255	94	10	1.3227069939603097e-05	1.4696599919261644e-05	1.0	106382.97872340426
chr12	56216428	56216613	RNA256	185	28	2.0472303828811912e-05	0.0	1.0	151351.35135135136
chr12	56315129	56315242	RNA257	113	22	1.2698000070734203e-05	7.350350188062294e-06	1.0	194690.26548672566
chr12	57048209	57048343	RNA258	134	28	4.5664953761707905e-05	1.4696549897053046e-05	1.0	208955.223880597
chr12	69586269	69586344	RNA259	75	11	0.00020177656402995967	1.4696400285174605e-05	1.0	146666.66666666666
chr12	101476827	101476907	RNA260	80	11	9.489463751708904e-05	1.4700700376124589e-05	1.0	137500.0
chr12	102061247	102061346	RNA261	99	19	8.276465096538345e-05	1.4696799553348685e-05	1.0	191919.19191919192
chr12	102118362	102118583	RNA262	221	42	3.185384279969527e-05	1.469764993089484e-05	1.0	190045.24886877826
chr12	103590896	103591030	RNA263	134	32	1.4242868843439283e-05	1.470025017624721e-05	1.0	238805.97014925373
chr12	104288930	104289040	RNA264	110	25	1.3522583976737224e-05	1.4696400285174605e-05	1.0	227272.72727272726
chr12	107022083	107022192	RNA265	109	17	1.3839000102427021e-05	1.470159986638464e-05	1.0	155963.3027522936
chr12	112446275	112446398	RNA266	123	14	3.9891849350423945e-05	0.0	1.0	113821.1382113821
chr12	118052309	118052478	RNA267	169	21	1.6099199975932216e-05	0.0	1.0	124260.3550295858
chr12	120325860	120326020	RNA268	160	48	2.6031232948750782e-05	0.0	1.0	300000.0
chr12	120727025	120727189	RNA269	164	32	1.1484943854611629e-05	0.0	1.0	195121.9512195122
chr12	123586746	123586939	RNA270	193	27	1.3609355577231057e-05	1.4696799553348685e-05	1.0	139896.3730569948
chr12	123973885	123974020	RNA271	135	49	0.0004718389051532176	0.0	1.0	362962.962962963
chr12	125073875	125073979	RNA272	104	7	1.049914291278193e-05	1.4697699953103438e-05	1.0	67307.6923076923
chr13	20868595	20868701	RNA273	106	10	6.469754189310226e-05	0.0	1.0	94339.62264150944
chr13	25274070	25274187	RNA274	117	24	2.2048333221390645e-05	7.347950031544315e-06	1.0	205128.20512820513
chr13	33167550	33167622	RNA275	72	14	7.348651388382516e-05	1.4697900041937828e-05	1.0	194444.44444444444
chr13	33821131	33821269	RNA276	138	17	0.05882698497038398	0.0	0.9411764705882353	123188.40579710146
chr13	36201878	36202093	RNA277	215	34	8.559133985887599e-05	0.0	1.0	158139.53488372092
chr13	43667441	43667544	RNA278	103	19	1.702131081210131e-05	0.0	1.0	184466.01941747573
chr13	44982071	44982154	RNA279	83	17	1.3862364860813871e-05	0.0	1.0	204819.27710843371
chr13	48691211	48691301	RNA280	90	12	2.943717534738332e-05	7.356599780905526e-06	1.0	133333.33333333334
chr13	49669776	49669846	RNA281	70	13	1.9222707473646066e-05	1.469509970775107e-05	1.0	185714.2857142857
chr13	49931017	49931134	RNA282	117	13	1.4700523094618871e-05	1.4694600395159796e-05	1.0	111111.11111111111
chr13	49997666	49997763	RNA283	97	20	0.00018157994381908483	7.348849976551719e-06	1.0	206185.56701030926
chr13	60439687	60439772	RNA284	85	11	4.0104545074758455e-06	0.0	1.0	129411.76470588236
chr13	71681794	71681910	RNA285	116	18	1.143267202981709e-05	1.4697699953103438e-05	1.0	155172.41379310345
chr13	103058263	103058382	RNA286	119	40	0.0006168533560867118	1.4698999621032272e-05	1.0	336134.4537815126
chr13	112785134	112785257	RNA287	123	32	1.7914634327096666e-05	0.0	1.0	260162.6016260163
chr13	113106844	113106910	RNA288	66	18	3.188244985115665e-05	1.4714749795530224e-05	1.0	272727.2727272727
chr14	24188551	24188638	RNA289	87	18	9.799961036252273e-06	7.347950031544315e-06	1.0	206896.55172413794
chr14	24211679	24211829	RNA290	150	19	0.000650475561039786	1.4700700376124589e-05	1.0	126666.66666666667
chr14	39176077	39176149	RNA291	72	9	1.3064644311574133e-05	1.4697199731017465e-05	1.0	125000.0
chr14	54436368	54436437	RNA292	69	7	6.30065707290279e-06	0.0	1.0	101449.27536231885
chr14	59479181	59479351	RNA293	170	33	2.4945281631624467e-05	0.0	1.0	194117.64705882352
chr14	64804938	64805090	RNA294	152	28	0.0017184584315665576	1.4696999642183075e-05	1.0	184210.52631578947
chr14	73409936	73410068	RNA295	132	24	0.041684426116830764	0.0	0.9583333333333334	181818.18181818182
chr14	73858815	73858899	RNA296	84	19	1.2377689209212181e-05	0.0	1.0	226190.47619047618
chr14	81062147	81062219	RNA297	72	12	3.0641308057965734e-05	1.4706700312672185e-05	1.0	166666.66666666666
chr14	91416737	91416838	RNA298	101	20	0.012411390940269482	1.4696400285174605e-05	0.95	198019.80198019804
chr14	103797370	103797518	RNA299	148	20	2.7198250108994563e-05	1.4699199709866662e-05	1.0	135135.13513513515
chr14	104092632	104092741	RNA300	109	26	0.00018605418119057424	1.4704599834658438e-05	1.0	238532.11009174315
chr14	104586414	104586541	RNA301	127	34	0.0001586714572969045	1.4699199709866662e-05	1.0	267716.5354330709
chr14	104735019	104735122	RNA302	103	31	3.698477819618256e-05	1.4697699953103438e-05	1.0	300970.87378640776
chr15	30630702	30630773	RNA303	71	12	1.5955558258907186e-05	7.36225001674029e-06	1.0	169014.08450704225
chr15	31689358	31689481	RNA304	123	28	1.2496310546336895e-05	0.0	1.0	227642.2764227642
chr15	41342385	41342454	RNA305	69	15	0.09004602442255419	1.4696799553348685e-05	0.8666666666666667	217391.30434782608
chr15	41536944	41537201	RNA306	257	55	0.009887647848865356	1.4697199731017465e-05	0.9818181818181818	214007.7821011673
chr15	45131470	45131662	RNA307	192	26	1.243631161812048e-05	0.0	1.0	135416.66666666666
chr15	51576055	51576181	RNA308	116	18	6.443394881393065e-05	1.4794749858992873e-05	1.0	155172.41379310345
chr15	52433174	52433285	RNA309	111	14	9.450949684313465e-06	0.0	1.0	126126.12612612611
chr15	53732996	53733161	RNA310	165	46	0.0001294395976361978	0.0	1.0	278787.8787878788
chr15	56464025	56464247	RNA311	222	46	0.002280363744454875	0.0	0.9782608695652174	207207.2072072072
chr15	59107321	59107450	RNA312	129	25	7.67823999922257e-06	0.0	1.0	193798.4496124031
chr15	59272305	59272449	RNA313	144	32	1.0563731308366187e-05	1.469569997425424e-05	1.0	222222.22222222222
chr15	64848592	64848742	RNA314	150	17	8.993434863333403e-05	1.4698100130772218e-05	1.0	113333.33333333333
chr15	65129031	65129170	RNA315	139	19	1.0829499890524937e-05	0.0	1.0	136690.6474820144
chr15	75620893	75621056	RNA316	163	37	0.0001609027546716755	0.0	1.0	226993.86503067485
chr15	75725107	75725218	RNA317	111	30	0.008481161546842478	1.4697699953103438e-05	0.9666666666666667	270270.2702702703
chr15	76134167	76134301	RNA318	134	33	0.0001804283407237125	1.4700300198455809e-05	1.0	246268.6567164179
chr15	82261687	82261797	RNA319	110	14	1.1549500089001543e-05	1.4696599919261644e-05	1.0	127272.72727272726
chr15	82627192	82627367	RNA320	175	40	0.02541827301004105	0.0	0.975	228571.42857142855
chr15	83163998	83164075	RNA321	77	6	1.4702783573738998e-05	1.4700699921377236e-05	1.0	77922.07792207792
chr15	83559252	83559321	RNA322	69	11	2.137645482104166e-05	1.4698100130772218e-05	1.0	159420.28985507245
chr15	89910743	89910819	RNA323	76	18	0.055566988305650336	0.0	0.9444444444444444	236842.1052631579
chr16	642119	642249	RNA324	130	41	4.602306886758842e-05	0.0	1.0	315384.6153846154
chr16	787555	787744	RNA325	189	68	1.7293074961341915e-05	7.347749942709925e-06	1.0	359788.3597883598
chr16	1413845	1414055	RNA326	210	36	3.9199172230532186e-05	0.0	1.0	171428.57142857142
chr16	1941256	1941405	RNA327	149	47	1.848265314270311e-05	1.4705399735248648e-05	1.0	315436.2416107382
chr16	1961152	1961291	RNA328	139	49	1.3197393985007824e-05	1.469590006308863e-05	1.0	352517.98561151075
chr16	2460282	2460381	RNA329	99	31	0.0003063589378612997	1.4701099644298664e-05	1.0	313131.31313131313
chr16	3021214	3021319	RNA330	105	24	1.4088687332029318e-05	7.347549853875535e-06	1.0	228571.42857142855
chr16	4332214	4332452	RNA331	238	55	0.0184442714972399	1.4698100130772218e-05	0.9818181818181818	231092.43697478992
chr16	5062424	5062574	RNA332	150	38	0.026338998263207413	1.4697699953103438e-05	0.9736842105263158	253333.33333333334
chr16	5095451	5095514	RNA333	63	12	0.014426244317292001	0.0	0.9166666666666666	190476.19047619047
chr16	10895281	10895428	RNA334	147	29	1.1152579331949176e-05	0.0	1.0	197278.91156462586
chr16	14744836	14744930	RNA335	0	0				
chr16	16333646	16333884	RNA336	149	0				0.0
chr16	20460106	20460291	RNA337	185	53	0.022003318395602618	1.4698999621032272e-05	0.9622641509433962	286486.4864864865
chr16	23642954	23643023	RNA338	69	4	0.00036012428358842615	1.4698549875902245e-05	1.0	57971.014492753624
chr16	23755660	23755733	RNA339	73	18	4.8996055536715885e-06	0.0	1.0	246575.3424657534
chr16	25128474	25128566	RNA340	92	10	1.7639030193093568e-05	7.348599865508732e-06	1.0	108695.65217391304
chr16	28608707	28608859	RNA341	152	0				0.0
chr16	28952131	28952204	RNA342	73	16	1.3786500289825199e-05	0.0	1.0	219178.08219178082
chr16	30748802	30748915	RNA343	113	19	2.398403127076808e-05	1.4699799976369832e-05	1.0	168141.59292035399
chr16	31001528	31001603	RNA344	75	12	1.960231702469173e-05	1.4700449810334248e-05	1.0	160000.0
chr16	31355892	31355998	RNA345	106	21	0.006679985563399288	0.0	0.9523809523809523	198113.20754716982
chr16	31394235	31394341	RNA346	106	19	0.00022451619708206474	1.471579980716342e-05	1.0	179245.28301886792
chr16	46618204	46618372	RNA347	168	30	0.0003707749339203738	0.0	1.0	178571.42857142858
chr16	46885466	46885577	RNA348	111	26	2.092536547374505e-05	7.349899988184916e-06	1.0	234234.23423423423
chr16	48252130	48252365	RNA349	235	37	1.1916397336271723e-05	0.0	1.0	157446.8085106383
chr16	49377730	49377850	RNA350	120	25	0.00023991785219550348	0.0	1.0	208333.33333333334
chr16	50066366	50066539	RNA351	173	54	7.0805629682716375e-06	0.0	1.0	312138.72832369944
chr16	55828766	55828971	RNA352	205	48	0.0010635460804640613	1.4693800039822236e-05	1.0	234146.34146341466
chr16	56514452	56514680	RNA353	228	31	0.00025409340266759555	1.4698500308440998e-05	1.0	135964.91228070177
chr16	66995627	66995829	RNA354	202	42	3.604793796728288e-05	1.469724975322606e-05	1.0	207920.79207920792
chr16	67538423	67538550	RNA355	127	42	1.4001871282478601e-05	0.0	1.0	330708.6614173229
chr16	68645635	68645750	RNA356	115	36	1.2250955579575271e-05	0.0	1.0	313043.47826086957
chr16	69718369	69718534	RNA357	165	29	0.0026511901177369013	1.4696799553348685e-05	0.9655172413793104	175757.57575757575
chr16	74300114	74300206	RNA358	92	16	0.00015801387576174845	1.4699199709866662e-05	1.0	173913.04347826086
chr16	75414577	75414695	RNA359	118	23	0.00017257445573625737	0.0	1.0	194915.25423728814
chr16	77816920	77817050	RNA360	130	26	0.0007366601917055925	7.348849976551719e-06	1.0	200000.0
chr16	80543275	80543351	RNA361	76	16	1.745458757795859e-05	0.0	1.0	210526.31578947368
chr16	80997313	80997429	RNA362	116	30	9.827053266538618e-06	0.0	1.0	258620.68965517243
chr16	81066192	81066281	RNA363	89	23	6.137555492781835e-05	1.4703699889651034e-05	1.0	258426.96629213486
chr16	84149006	84149142	RNA364	136	32	0.000572360639750967	1.4698500308440998e-05	1.0	235294.11764705883
chr16	84194005	84194221	RNA365	216	66	0.0004214958320048781	0.0	1.0	305555.55555555556
chr16	85633913	85634132	RNA366	219	89	0.00017080009915383505	1.4699799976369832e-05	1.0	406392.69406392693
chr16	85801204	85801278	RNA367	74	18	0.0031408594154527184	1.4694600395159796e-05	0.9444444444444444	243243.24324324325
chr16	88901503	88901656	RNA368	153	56	0.01746178791592813	1.4701099644298664e-05	0.9821428571428571	366013.0718954248
chr16	89689251	89689324	RNA369	73	12	1.4700558267577435e-05	1.469744984206045e-05	1.0	164383.5616438356
chr16	89815876	89815986	RNA370	110	42	1.5046335777564193e-05	0.0	1.0	381818.1818181818
chr17	998778	998975	RNA371	197	30	8.821025209422958e-05	1.4699199709866662e-05	1.0	152284.26395939087
chr17	1684471	1684582	RNA372	111	25	1.8225487910966087e-05	1.4698100130772218e-05	1.0	225225.22522522524
chr17	1709803	1709886	RNA373	83	19	9.755983496449103e-05	0.0	1.0	228915.6626506024
chr17	2343544	2343620	RNA374	76	8	0.00015431632948547175	1.4697000096930424e-05	1.0	105263.15789473684
chr17	3777539	3777660	RNA375	121	24	1.7762625058518704e-05	1.4698749964736635e-05	1.0	198347.10743801654
chr17	4780788	4780869	RNA376	81	22	0.023467318470631483	0.0	0.9545454545454546	271604.93827160494
chr17	6641752	6641834	RNA377	82	14	9.450171546632191e-06	7.348849976551719e-06	1.0	170731.7073170732
chr17	7015061	7015156	RNA378	95	24	1.6537966682032373e-05	1.4695749996462837e-05	1.0	252631.57894736843
chr17	7241600	7241679	RNA379	79	7	4.1995856788292126e-06	0.0	1.0	88607.59493670886
chr17	7719720	7719900	RNA380	180	36	1.1839702715911295e-05	1.469590006308863e-05	1.0	200000.0
chr17	9568370	9568470	RNA381	100	18	0.043367928145471524	1.4696800008096034e-05	0.9444444444444444	180000.0
chr17	17907446	17907531	RNA382	85	13	2.8269061168915903e-05	1.470200004405342e-05	1.0	152941.17647058825
chr17	19360319	19360388	RNA383	69	13	1.6957546274800105e-05	0.0	1.0	188405.79710144928
chr17	21172017	21172196	RNA384	179	49	1.7698218396947824e-05	1.4696799553348685e-05	1.0	273743.0167597765
chr17	28331858	28331987	RNA385	129	19	9.284358049243516e-06	0.0	1.0	147286.82170542638
chr17	29621223	29621484	RNA386	261	48	1.1637470777258857e-05	1.4697699953103438e-05	1.0	183908.0459770115
chr17	32351785	32351912	RNA387	127	8	9.186687520923442e-06	7.348849976551719e-06	1.0	62992.125984251965
chr17	34959586	34959650	RNA388	64	13	0.020278707884944402	0.0	0.9230769230769231	203125.0
chr17	37411268	37411390	RNA389	122	29	0.005305590513107114	1.4698999621032272e-05	0.9655172413793104	237704.91803278687
chr17	37987448	37987521	RNA390	0	0				
chr17	38005559	38005632	RNA391	0	0				
chr17	38753149	38753334	RNA392	185	24	0.004090944914840593	1.469764993089484e-05	0.9583333333333334	129729.72972972973
chr17	39870693	39870819	RNA393	126	19	0.0005760023299636026	0.0	1.0	150793.6507936508
chr17	40053468	40053635	RNA394	167	13	1.2437453873504777e-05	1.4696799553348685e-05	1.0	77844.31137724551
chr17	42231999	42232137	RNA395	138	13	1.1311323060698878e-05	1.4696400285174605e-05	1.0	94202.89855072464
chr17	42659833	42659946	RNA396	113	10	0.045114114763964604	1.4705449757457245e-05	0.9	88495.57522123893
chr17	42979549	42979663	RNA397	114	21	0.004075583054275607	1.4698999621032272e-05	0.9523809523809523	184210.52631578947
chr17	43781118	43781189	RNA398	71	11	2.137880851064312e-05	0.0	1.0	154929.57746478872
chr17	44074159	44074266	RNA399	107	13	1.9226577303642745e-05	1.4698500308440998e-05	1.0	121495.32710280374
chr17	44386009	44386131	RNA400	122	22	1.4702481993564023e-05	0.0	1.0	180327.868852459
chr17	44900989	44901141	RNA401	152	33	2.538509948917955e-05	1.469509970775107e-05	1.0	217105.26315789475
chr17	45962320	45962470	RNA402	150	38	0.02062560852111442	1.4698500308440998e-05	0.9736842105263158	253333.33333333334
chr17	46299793	46299865	RNA403	0	0				
chr17	46929519	46929584	RNA404	65	19	1.6247831713131708e-05	1.4698999621032272e-05	1.0	292307.6923076923
chr17	47840669	47840843	RNA405	174	23	4.7305765648432725e-05	1.4700300198455809e-05	1.0	132183.908045977
chr17	47943305	47943430	RNA406	125	17	0.01003948135402264	0.0	0.9411764705882353	136000.0
chr17	48573836	48574014	RNA407	178	39	7.916082139649332e-06	0.0	1.0	219101.12359550563
chr17	50145112	50145245	RNA408	133	16	1.1940743888771976e-05	1.4693950106448028e-05	1.0	120300.75187969924
chr17	51079583	51079704	RNA409	121	17	8.647041153487995e-06	1.4696799553348685e-05	1.0	140495.86776859505
chr17	61457536	61457631	RNA410	95	11	0.014692749455124688	0.0	0.9090909090909091	115789.47368421052
chr17	62801645	62801752	RNA411	107	28	2.414918584950423e-05	0.0	1.0	261682.24299065417
chr17	63009536	63009626	RNA412	90	9	4.73721221270404e-05	1.470200004405342e-05	1.0	100000.0
chr17	63910744	63910924	RNA413	180	0				0.0
chr17	63972351	63972470	RNA414	119	30	0.0019835655878220294	1.470005008741282e-05	0.9666666666666667	252100.84033613445
chr17	63998706	63998782	RNA415	76	22	0.015140961015111481	0.0	0.9545454545454546	289473.68421052635
chr17	67018188	67018272	RNA416	84	14	0.06999231237562396	1.4699399798701052e-05	0.9285714285714286	166666.66666666666
chr17	68514986	68515119	RNA417	133	34	2.161531807252583e-05	0.0	1.0	255639.0977443609
chr17	74964482	74964632	RNA418	150	34	1.4702385348808055e-05	7.349250154220499e-06	1.0	226666.66666666666
chr17	75042528	75042659	RNA419	131	14	0.06198431181129698	0.0	0.9285714285714286	106870.22900763359
chr17	75089150	75089304	RNA420	154	24	1.960217908466196e-05	7.349499810516136e-06	1.0	155844.15584415584
chr17	76212363	76212482	RNA421	119	19	0.00047276435395216427	0.0	1.0	159663.86554621847
chr17	78190969	78191060	RNA422	91	0				0.0
chr17	80220915	80221115	RNA423	199	61	1.0186995033838332e-05	0.0	1.0	306532.6633165829
chr17	81166676	81166844	RNA424	168	46	0.030930057836841388	1.4699150142405415e-05	0.9565217391304348	273809.52380952385
chr17	81512231	81512360	RNA425	129	48	0.00010137862000191815	1.4698099676024867e-05	1.0	372093.0232558139
chr17	81685604	81685689	RNA426	85	11	1.0689918202512093e-05	0.0	1.0	129411.76470588236
chr17	81890688	81890820	RNA427	132	18	1.1436955547752506e-05	7.350150099227904e-06	1.0	136363.63636363635
chr17	81917829	81917967	RNA428	138	35	1.724373120980703e-05	0.0	1.0	253623.18840579712
chr17	82419748	82419883	RNA429	135	22	0.03181574826930955	0.0	0.9545454545454546	162962.96296296298
chr18	606977	607099	RNA430	122	23	0.0803933408171914	1.4705399735248648e-05	0.8695652173913043	188524.59016393442
chr18	3253232	3253428	RNA431	196	25	0.0001029043269954824	1.4699399798701052e-05	1.0	127551.02040816327
chr18	36033707	36033837	RNA432	130	7	0.00011130440049911459	0.0	1.0	53846.15384615385
chr18	37485524	37485607	RNA433	83	13	1.9242545861811965e-05	0.0	1.0	156626.5060240964
chr18	46105193	46105368	RNA434	175	31	3.0828051979273855e-05	1.4703299711982254e-05	1.0	177142.85714285713
chr18	46649154	46649269	RNA435	115	27	6.587982611730951e-05	1.4700300198455809e-05	1.0	234782.6086956522
chr18	50819580	50819702	RNA436	122	28	0.008228283700516058	0.0	0.9642857142857143	229508.19672131148
chr18	50895808	50895928	RNA437	120	21	0.0001344182606945131	0.0	1.0	175000.0
chr18	76849525	76849668	RNA438	143	29	9.12324130381578e-06	0.0	1.0	202797.20279720277
chr18	79695224	79695308	RNA439	84	11	0.0010654993729159118	0.0	1.0	130952.38095238096
chr19	890962	891149	RNA440	187	52	2.0349992242837476e-05	1.469590006308863e-05	1.0	278074.86631016043
chr19	1242455	1242609	RNA441	154	30	2.0088156361452633e-05	0.0	1.0	194805.19480519483
chr19	3110148	3110333	RNA442	185	36	8.94494215925821e-05	1.47024002217222e-05	1.0	194594.59459459462
chr19	3543234	3543473	RNA443	239	98	0.0032000306994873643	1.47044002005714e-05	0.9897959183673469	410041.8410041841
chr19	3586494	3586680	RNA444	186	33	0.026426747277169357	0.0	0.9696969696969697	177419.3548387097
chr19	4453929	4454093	RNA445	164	51	0.013612639884223761	1.4700300198455809e-05	0.9607843137254902	310975.60975609755
chr19	5286049	5286234	RNA446	185	50	0.00021430567159767713	1.4696349808218656e-05	1.0	270270.2702702703
chr19	5626404	5626489	RNA447	85	18	2.6132161110576665e-05	1.469785001972923e-05	1.0	211764.70588235295
chr19	6374202	6374376	RNA448	174	47	2.283329152479332e-05	1.4699799976369832e-05	1.0	270114.9425287356
chr19	6458197	6458324	RNA449	127	29	0.002214174950652168	1.4700700376124589e-05	0.9655172413793104	228346.4566929134
chr19	9364861	9364948	RNA450	87	22	0.00012494851175274524	1.4699399798701052e-05	1.0	252873.56321839083
chr19	9619431	9619582	RNA451	151	35	2.9398839719110695e-05	1.4698500308440998e-05	1.0	231788.07947019866
chr19	9660719	9660874	RNA452	155	32	0.03126102477509107	0.0	0.96875	206451.61290322582
chr19	11100222	11100345	RNA453	123	25	0.0752698320759737	1.4699799976369832e-05	0.92	203252.03252032519
chr19	11149093	11149238	RNA454	145	27	0.03705500386297866	1.4698500308440998e-05	0.9629629629629629	186206.89655172414
chr19	11298141	11298339	RNA455	198	55	0.00017639488191475446	1.4698100130772218e-05	1.0	277777.7777777778
chr19	11383096	11383232	RNA456	136	32	0.0002306087255305974	0.0	1.0	235294.11764705883
chr19	12807007	12807079	RNA457	72	13	1.1306730882027365e-05	0.0	1.0	180555.55555555556
chr19	13937784	13938006	RNA458	222	64	0.015651635679603256	1.4698300219606608e-05	0.984375	288288.2882882883
chr19	15052205	15052278	RNA459	73	20	4.557055372060513e-05	1.4700449810334248e-05	1.0	273972.602739726
chr19	15124924	15125069	RNA460	145	27	0.0008341002969111113	0.0	1.0	186206.89655172414
chr19	15615615	15615814	RNA461	199	0				0.0
chr19	17420312	17420411	RNA462	99	14	1.2599821535072156e-05	1.469764993089484e-05	1.0	141414.1414141414
chr19	19096090	19096205	RNA463	115	21	9.872952107667948e-05	1.4702900443808176e-05	1.0	182608.69565217392
chr19	19599291	19599365	RNA464	74	12	2.0826275052362082e-05	2.2051700398151297e-05	1.0	162162.16216216216
chr19	20024249	20024376	RNA465	127	0				0.0
chr19	20934023	20934150	RNA466	127	0				0.0
chr19	33215768	33215973	RNA467	205	62	2.3001538685942463e-05	1.469984999857843e-05	1.0	302439.02439024387
chr19	35526643	35526877	RNA468	234	52	0.0007510052419442732	1.4721499610459432e-05	1.0	222222.22222222222
chr19	35629519	35629673	RNA469	154	20	8.819119921099628e-06	0.0	1.0	129870.12987012985
chr19	36008216	36008367	RNA470	151	35	0.023838515890149986	1.4700300198455809e-05	0.9714285714285714	231788.07947019866
chr19	36111368	36111433	RNA471	65	20	2.058462455352089e-05	0.0	1.0	307692.3076923077
chr19	37470303	37470387	RNA472	84	11	9.352354605983816e-06	1.469590006308863e-05	1.0	130952.38095238096
chr19	38391945	38392114	RNA473	169	25	1.4110187912592664e-05	1.4696799553348685e-05	1.0	147928.99408284025
chr19	38403337	38403486	RNA474	149	41	0.0004378595214980221	0.0	1.0	275167.7852348993
chr19	39734996	39735073	RNA475	77	0				0.0
chr19	40224721	40224811	RNA476	90	20	2.2783449549019438e-05	1.4698099676024867e-05	1.0	222222.22222222222
chr19	40849817	40849980	RNA477	163	0				0.0
chr19	40880478	40880628	RNA478	150	0				0.0
chr19	41116177	41116359	RNA479	182	0				0.0
chr19	41363431	41363523	RNA480	92	10	0.03159137138727601	0.0	0.9	108695.65217391304
chr19	42301949	42302039	RNA481	90	8	9.186674901684455e-06	7.348599865508732e-06	1.0	88888.88888888889
chr19	43828201	43828281	RNA482	80	6	1.2248700083243117e-05	7.348200142587302e-06	1.0	75000.0
chr19	43988458	43988558	RNA483	100	0				0.0
chr19	44055108	44055191	RNA484	83	21	1.6801995289348443e-05	1.4700300198455809e-05	1.0	253012.04819277106
chr19	44213089	44213244	RNA485	155	28	4.779624613807238e-05	0.0	1.0	180645.16129032258
chr19	44264313	44264375	RNA486	62	7	2.09958143386757e-05	1.4697699953103438e-05	1.0	112903.2258064516
chr19	44751226	44751380	RNA487	154	33	9.803730267087689e-06	0.0	1.0	214285.71428571426
chr19	47503422	47503502	RNA488	80	12	1.22493832653466e-05	7.348200142587302e-06	1.0	150000.0
chr19	47834408	47834543	RNA489	135	29	4.156738590420855e-05	1.4698500308440998e-05	1.0	214814.81481481483
chr19	48249750	48249847	RNA490	97	29	0.03449542895176474	0.0	0.9655172413793104	298969.07216494845
chr19	48271244	48271449	RNA491	205	45	0.0052460903094065986	1.4698500308440998e-05	0.9777777777777777	219512.19512195123
chr19	48365735	48365935	RNA492	200	51	0.0009771031379083633	0.0	1.0	255000.0
chr19	48390423	48390524	RNA493	101	8	7.348074973378971e-06	7.346900019911118e-06	1.0	79207.92079207921
chr19	48587228	48587437	RNA494	209	30	3.577470345892877e-05	1.470005008741282e-05	1.0	143540.66985645934
chr19	48867536	48867626	RNA495	90	23	0.0015460856644178528	1.4698500308440998e-05	1.0	255555.55555555553
chr19	48934999	48935111	RNA496	112	28	0.028047232849985445	1.469724975322606e-05	0.9642857142857143	250000.0
chr19	49114848	49114967	RNA497	119	22	1.3365368307528446e-05	1.469724975322606e-05	1.0	184873.94957983194
chr19	49436548	49436801	RNA498	253	52	3.3921434631056686e-05	1.4699599887535442e-05	1.0	205533.59683794467
chr19	49878142	49878241	RNA499	99	25	1.1171183869009838e-05	0.0	1.0	252525.25252525255
chr19	50362171	50362313	RNA500	142	33	0.020275423293627904	0.0	0.9696969696969697	232394.3661971831
chr19	50656049	50656122	RNA501	73	18	3.1847455071930126e-05	0.0	1.0	246575.3424657534
chr19	51372160	51372307	RNA502	147	42	0.023834023290202736	1.4698100130772218e-05	0.9761904761904762	285714.2857142857
chr19	51900092	51900294	RNA503	202	29	0.019066117488615288	0.0	0.9655172413793104	143564.35643564357
chr19	55080771	55080854	RNA504	83	28	2.310358217982626e-05	1.469744984206045e-05	1.0	337349.3975903614
chr19	55178962	55179086	RNA505	124	25	0.038949842862130026	0.0	0.96	201612.90322580643
chr19	55649001	55649077	RNA506	76	24	0.001068658549267329	0.0	1.0	315789.4736842105
chr19	55832825	55832915	RNA507	90	17	0.0057929081938923625	0.0	0.9411764705882353	188888.88888888888
chr19	56462337	56462429	RNA508	92	19	1.3924768800756805e-05	0.0	1.0	206521.73913043478
chr19	57504656	57504786	RNA509	130	26	7.81002124942708e-05	1.4700699921377236e-05	1.0	200000.0
chr19	57723213	57723340	RNA510	127	24	2.6339366286258943e-05	1.4699199709866662e-05	1.0	188976.3779527559
chr19	58229467	58229570	RNA511	103	25	0.04000999124989904	0.0	0.96	242718.44660194175
chr19	58409940	58410091	RNA512	151	36	0.00014012215327359194	7.349499810516136e-06	1.0	238410.59602649006
chr19	58469179	58469306	RNA513	127	17	8.042147200123423e-05	2.939449950645212e-05	1.0	133858.26771653545
chr2	8826985	8827129	RNA514	144	19	9.28474219108466e-06	0.0	1.0	131944.44444444444
chr2	9845219	9845318	RNA515	99	15	1.371950002067024e-05	0.0	1.0	151515.15151515152
chr2	17745826	17745951	RNA516	125	22	1.0693795502447756e-05	7.348599865508732e-06	1.0	176000.0
chr2	20645339	20645505	RNA517	166	47	7.599431323118749e-05	1.469590006308863e-05	1.0	283132.53012048197
chr2	24124329	24124460	RNA518	131	23	1.4699291371113027e-05	0.0	1.0	175572.51908396944
chr2	24564294	24564430	RNA519	136	24	7.961541617381348e-06	7.347950031544315e-06	1.0	176470.58823529413
chr2	24584475	24584560	RNA520	85	11	6.681708989410915e-06	0.0	1.0	129411.76470588236
chr2	25313912	25314161	RNA521	249	63	0.0016083485841533252	1.4697699953103438e-05	0.9841269841269841	253012.04819277106
chr2	25956342	25956444	RNA522	102	14	0.00022889771448067478	1.4701349755341653e-05	1.0	137254.90196078434
chr2	26414343	26414431	RNA523	88	17	5.966509899521093e-05	1.4699399798701052e-05	1.0	193181.81818181818
chr2	27128440	27128601	RNA524	161	33	0.030312405275887584	0.0	0.9696969696969697	204968.9440993789
chr2	32087491	32087578	RNA525	87	11	0.0001684522084443301	1.4703699889651034e-05	1.0	126436.78160919542
chr2	32630522	32630700	RNA526	178	35	1.4704972974347585e-05	0.0	1.0	196629.21348314607
chr2	36925104	36925208	RNA527	104	15	9.799453255254776e-06	1.4698100130772218e-05	1.0	144230.76923076922
chr2	37191156	37191253	RNA528	97	20	4.476944150155067e-05	0.0	1.0	206185.56701030926
chr2	37198493	37198672	RNA529	179	46	1.4062510632829698e-05	0.0	1.0	256983.24022346368
chr2	45842999	45843063	RNA530	64	9	1.306458893345229e-05	1.469590006308863e-05	1.0	140625.0
chr2	48451007	48451076	RNA531	69	14	1.0501357142597304e-05	1.4699399798701052e-05	1.0	202898.5507246377
chr2	53973712	53973810	RNA532	98	32	0.01857148575336964	0.0	0.96875	326530.61224489793
chr2	54334816	54335024	RNA533	208	29	0.04636522082546434	1.4700300198455809e-05	0.9310344827586207	139423.07692307694
chr2	61011764	61011905	RNA534	141	35	1.596930591663907e-05	0.0	1.0	248226.95035460993
chr2	61533771	61533903	RNA535	132	12	2.2046749639529937e-05	0.0	1.0	90909.09090909091
chr2	63051248	63051317	RNA536	69	8	1.469615006044478e-05	7.348200142587302e-06	1.0	115942.02898550725
chr2	63594487	63594586	RNA537	99	10	5.879617965547174e-05	2.205125019827392e-05	1.0	101010.101010101
chr2	66437736	66437963	RNA538	227	33	2.8058984643198466e-05	0.0	1.0	145374.44933920703
chr2	69374005	69374113	RNA539	108	13	1.3572992219661291e-05	1.4699799976369832e-05	1.0	120370.37037037036
chr2	70787648	70787801	RNA540	153	21	8.679506932128185e-05	1.4697199731017465e-05	1.0	137254.90196078434
chr2	73058527	73058596	RNA541	69	17	1.297140587506446e-05	0.0	1.0	246376.8115942029
chr2	73230112	73230213	RNA542	101	11	0.0004114525132866748	0.0	1.0	108910.8910891089
chr2	86620329	86620469	RNA543	140	23	1.2144573781328054e-05	0.0	1.0	164285.7142857143
chr2	87818558	87818623	RNA544	65	0				0.0
chr2	88084315	88084492	RNA545	177	35	0.0020609124202435034	1.4696400285174605e-05	0.9714285714285714	197740.1129943503
chr2	96032296	96032419	RNA546	81	18	1.924934470783531e-05	0.0	1.0	222222.22222222222
chr2	96547401	96547517	RNA547	116	21	4.131773329433948e-05	1.4703299711982254e-05	1.0	181034.4827586207
chr2	96797011	96797155	RNA548	144	28	4.620839630271113e-05	7.349050065386109e-06	1.0	194444.44444444444
chr2	96825057	96825201	RNA549	144	28	1.5750885852737285e-05	7.349499810516136e-06	1.0	194444.44444444444
chr2	97091461	97091712	RNA550	251	0				0.0
chr2	98518963	98519025	RNA551	62	12	2.8171867067302463e-05	1.4696800008096034e-05	1.0	193548.38709677418
chr2	102762586	102762686	RNA552	100	15	2.3520826531837068e-05	0.0	1.0	150000.0
chr2	108381761	108381887	RNA553	126	36	0.00024988468314606383	1.4695950085297227e-05	1.0	285714.2857142857
chr2	112485916	112485995	RNA554	79	8	1.4699725284117449e-05	0.0	1.0	101265.82278481012
chr2	112912962	112913094	RNA555	132	18	1.551620001312525e-05	0.0	1.0	136363.63636363635
chr2	120797290	120797468	RNA556	178	51	2.651781985560213e-05	1.4698999621032272e-05	1.0	286516.8539325842
chr2	124221704	124221809	RNA557	105	23	8.950017376184188e-06	0.0	1.0	219047.61904761905
chr2	128097428	128097564	RNA558	136	24	2.8173379405414447e-05	0.0	1.0	176470.58823529413
chr2	130196148	130196371	RNA559	223	0				0.0
chr2	144517277	144517419	RNA560	142	33	1.782744832532666e-05	1.470460028940579e-05	1.0	232394.3661971831
chr2	148690213	148690373	RNA561	160	22	0.045465903572924356	0.0	0.9545454545454546	137500.0
chr2	151255532	151255743	RNA562	211	45	0.022848106896081945	1.4696400285174605e-05	0.9777777777777777	213270.1421800948
chr2	151410413	151410527	RNA563	114	30	1.372445334103063e-05	7.348200142587302e-06	1.0	263157.8947368421
chr2	158533179	158533316	RNA564	137	22	0.003020185732649138	1.469744984206045e-05	0.9545454545454546	160583.9416058394
chr2	165949594	165949724	RNA565	130	24	1.3477245943249727e-05	1.4700950032420224e-05	1.0	184615.38461538462
chr2	172061497	172061655	RNA566	158	22	0.00044709576914927595	7.348599865508732e-06	1.0	139240.5063291139
chr2	175181354	175181466	RNA567	112	40	0.0009817988133363487	7.347300197579898e-06	1.0	357142.85714285716
chr2	177215538	177215661	RNA568	123	12	1.1025199758781431e-05	0.0	1.0	97560.9756097561
chr2	178804551	178804655	RNA569	104	24	5.818425495362654e-05	1.4699599887535442e-05	1.0	230769.23076923078
chr2	183128286	183128457	RNA570	171	34	1.7728647007435723e-05	1.4698749964736635e-05	1.0	198830.40935672514
chr2	196058053	196058116	RNA571	63	15	0.0010517145663470663	0.0	1.0	238095.23809523808
chr2	197498674	197498850	RNA572	176	31	0.006333878996385109	1.4694600395159796e-05	0.967741935483871	176136.36363636365
chr2	202220031	202220106	RNA573	75	8	5.512762527359882e-06	0.0	1.0	106666.66666666667
chr2	202870529	202870656	RNA574	127	31	1.2802335409252273e-05	0.0	1.0	244094.4881889764
chr2	202917876	202918043	RNA575	167	30	1.077969339651948e-05	7.348849976551719e-06	1.0	179640.71856287424
chr2	206063150	206063244	RNA576	94	11	2.5394481616039748e-05	0.0	1.0	117021.27659574468
chr2	215996305	215996465	RNA577	160	35	7.475717746793823e-05	1.469590006308863e-05	1.0	218750.0
chr2	218269381	218269534	RNA578	153	26	4.239755316330608e-05	1.4697050119139021e-05	1.0	169934.64052287582
chr2	218672740	218672913	RNA579	173	31	4.125685978989619e-05	0.0	1.0	179190.7514450867
chr2	219217669	219217807	RNA580	138	36	0.0002446812319602781	1.4710649793414632e-05	1.0	260869.5652173913
chr2	219230227	219230405	RNA581	178	37	1.4300929718511356e-05	0.0	1.0	207865.16853932585
chr2	226838072	226838154	RNA582	82	16	5.6050324474193235e-05	1.4703749911859632e-05	1.0	195121.9512195122
chr2	227491546	227491640	RNA583	94	11	8.033000002879733e-06	0.0	1.0	117021.27659574468
chr20	3854557	3854741	RNA584	184	37	5.283987863819661e-05	1.4698500308440998e-05	1.0	201086.95652173914
chr20	5604363	5604440	RNA585	77	12	0.00038622410162738495	0.0	1.0	155844.15584415584
chr20	18593730	18593821	RNA586	91	9	2.1232366129365164e-05	1.4696799553348685e-05	1.0	98901.0989010989
chr20	21132096	21132159	RNA587	63	6	2.9398216914463166e-05	1.4696799553348685e-05	1.0	95238.09523809524
chr20	24957286	24957459	RNA588	173	39	3.054377712265669e-05	1.470460028940579e-05	1.0	225433.5260115607
chr20	32651732	32651981	RNA589	249	36	1.1026111072472608e-05	0.0	1.0	144578.31325301205
chr20	33606955	33607099	RNA590	144	24	1.7151229296056178e-05	0.0	1.0	166666.66666666666
chr20	34705357	34705474	RNA591	117	9	9.79863327504265e-06	0.0	1.0	76923.07692307692
chr20	35617135	35617240	RNA592	105	27	2.123574075893675e-05	0.0	1.0	257142.85714285713
chr20	37184179	37184373	RNA593	194	42	1.819848085644556e-05	0.0	1.0	216494.84536082475
chr20	38750009	38750239	RNA594	230	0				0.0
chr20	43673805	43673899	RNA595	94	17	8.648052939593873e-06	1.4696799553348685e-05	1.0	180851.06382978725
chr20	44771274	44771413	RNA596	139	17	0.058833903523651206	0.0	0.9411764705882353	122302.1582733813
chr20	44972077	44972158	RNA597	81	7	1.4697300295145916e-05	1.4697699953103438e-05	1.0	86419.75308641975
chr20	45308142	45308251	RNA598	109	28	6.718787325812929e-05	1.4699000075779622e-05	1.0	256880.73394495415
chr20	46121819	46121898	RNA599	79	12	6.12479175288172e-06	0.0	1.0	151898.7341772152
chr20	49656567	49656702	RNA600	135	21	0.0008561904605379619	1.4697199731017465e-05	1.0	155555.55555555556
chr20	51729833	51729978	RNA601	145	22	0.000201811487634335	1.4700950032420224e-05	1.0	151724.1379310345
chr20	58223051	58223182	RNA602	131	26	2.5439623116722145e-05	1.4698100130772218e-05	1.0	198473.28244274808
chr20	59932061	59932154	RNA603	93	24	0.04169975371276754	1.4700299743708456e-05	0.9583333333333334	258064.51612903224
chr20	62124616	62124780	RNA604	164	22	6.815202488558207e-05	0.0	1.0	134146.34146341463
chr20	62193415	62193624	RNA605	209	55	0.041990894862547895	1.4696400285174605e-05	0.9272727272727272	263157.8947368421
chr20	62362399	62362552	RNA606	153	46	0.025294325350149957	1.4694600395159796e-05	0.9565217391304348	300653.5947712418
chr20	63295097	63295189	RNA607	92	21	8.467964380542798e-05	0.0	1.0	228260.86956521738
chr20	63534151	63534315	RNA608	164	48	2.5416472775907187e-05	1.4698500308440998e-05	1.0	292682.9268292683
chr20	63619266	63619454	RNA609	188	43	8.546492989448463e-06	0.0	1.0	228723.40425531915
chr20	63869295	63869366	RNA610	71	16	9.186418765239068e-06	0.0	1.0	225352.11267605633
chr20	63967829	63967952	RNA611	123	35	1.0918785769068303e-05	1.4697199731017465e-05	1.0	284552.8455284553
chr20	63977224	63977406	RNA612	182	43	0.00023830690347388967	1.4698100130772218e-05	1.0	236263.73626373627
chr20	63983046	63983215	RNA613	169	20	4.335457570050202e-05	1.469764993089484e-05	1.0	118343.19526627219
chr21	13615122	13615237	RNA614	0	0				
chr21	28882984	28883071	RNA615	87	9	0.015638457077734022	0.0	0.8888888888888888	103448.27586206897
chr21	36058815	36058924	RNA616	109	26	0.03848019680383284	1.4697199731017465e-05	0.9615384615384616	238532.11009174315
chr21	37069551	37069624	RNA617	73	15	1.4706060210301074e-05	1.4698500308440998e-05	1.0	205479.4520547945
chr21	39390697	39390863	RNA618	166	35	1.2178828416960846e-05	0.0	1.0	210843.37349397593
chr21	39444134	39444201	RNA619	67	15	2.15596399357243e-05	0.0	1.0	223880.59701492538
chr21	42349880	42350030	RNA620	150	33	0.0001559050076662681	0.0	1.0	220000.0
chr21	42492757	42492863	RNA621	106	18	1.4699261050226584e-05	0.0	1.0	169811.32075471696
chr22	15695370	15695485	RNA622	0	0				
chr22	17619460	17619526	RNA623	66	4	1.469787503083353e-05	1.4696999642183075e-05	1.0	60606.06060606061
chr22	17655661	17655832	RNA624	171	24	2.3898678819022007e-05	0.0	1.0	140350.87719298244
chr22	21945842	21946108	RNA625	266	45	0.022286570694793933	0.0	0.9777777777777777	169172.93233082705
chr22	29754748	29754863	RNA626	115	22	3.876116009202332e-05	1.470200004405342e-05	1.0	191304.34782608697
chr22	30741160	30741369	RNA627	209	42	3.534268597875075e-05	1.469569997425424e-05	1.0	200956.93779904305
chr22	31124844	31124906	RNA628	62	10	1.4700500196340727e-05	1.469964990974404e-05	1.0	161290.32258064515
chr22	35617162	35617265	RNA629	103	19	1.39262839710634e-05	1.4697199731017465e-05	1.0	184466.01941747573
chr22	37144084	37144205	RNA630	121	29	0.03453040645644219	1.4696799553348685e-05	0.9655172413793104	239669.4214876033
chr22	37676985	37677065	RNA631	80	14	1.9952535240000018e-05	0.0	1.0	175000.0
chr22	37697587	37697696	RNA632	109	26	1.4701696237839233e-05	1.4699000075779622e-05	1.0	238532.11009174315
chr22	38828286	38828512	RNA633	226	53	2.5242001888638897e-05	1.469549988541985e-05	1.0	234513.27433628318
chr22	39415005	39415142	RNA634	137	17	9.510382316126625e-06	0.0	1.0	124087.59124087592
chr22	39532394	39532523	RNA635	129	28	1.5222639279142771e-05	7.347950031544315e-06	1.0	217054.26356589148
chr22	40117054	40117128	RNA636	74	14	5.671028384313007e-05	1.4701349755341653e-05	1.0	189189.1891891892
chr22	40594673	40594735	RNA637	62	20	0.00015219277702271643	1.4703100077895215e-05	1.0	322580.6451612903
chr22	42143409	42143581	RNA638	172	0				0.0
chr22	42518004	42518147	RNA639	143	30	0.0005312615657809704	0.0	1.0	209790.2097902098
chr22	42847513	42847632	RNA640	119	22	1.2697045556044692e-05	1.469984999857843e-05	1.0	184873.94957983194
chr22	43841801	43841932	RNA641	131	24	1.5312987632869203e-05	7.348849976551719e-06	1.0	183206.106870229
chr22	43963285	43963396	RNA642	111	18	2.3680461708858446e-05	7.347950031544315e-06	1.0	162162.16216216216
chr22	46720901	46721015	RNA643	114	25	0.004127955007970739	0.0	0.96	219298.24561403508
chr3	3108549	3108691	RNA644	142	40	0.054298838958629844	0.0	0.925	281690.1408450704
chr3	14129411	14129561	RNA645	150	37	2.6228237844846967e-05	1.470200004405342e-05	1.0	246666.6666666667
chr3	15212103	15212212	RNA646	109	13	1.0176369309752212e-05	1.4697199731017465e-05	1.0	119266.05504587157
chr3	30623198	30623273	RNA647	75	16	0.00012586421780724284	0.0	1.0	213333.33333333334
chr3	33425589	33425741	RNA648	152	20	0.0005579583561939125	1.470200004405342e-05	1.0	131578.94736842104
chr3	38497628	38497778	RNA649	150	27	1.5812107550219582e-05	0.0	1.0	180000.0
chr3	38946788	38946907	RNA650	119	14	1.1548657247268629e-05	1.4696149719384266e-05	1.0	117647.05882352941
chr3	39109084	39109214	RNA651	130	18	0.00013391922685614116	1.4697050119139021e-05	1.0	138461.53846153847
chr3	42568864	42569073	RNA652	209	47	0.06077222635330861	1.4697199731017465e-05	0.9148936170212766	224880.38277511962
chr3	45391582	45391648	RNA653	66	10	1.1761459973058663e-05	0.0	1.0	151515.15151515152
chr3	45636149	45636251	RNA654	102	15	1.7643033849402123e-05	0.0	1.0	147058.82352941178
chr3	45837926	45838051	RNA655	125	13	1.356816916925779e-05	1.4698100130772218e-05	1.0	104000.0
chr3	46976636	46976843	RNA656	207	47	0.00011725744872741946	1.4698500308440998e-05	1.0	227053.14009661836
chr3	48298426	48298523	RNA657	97	21	1.0498823939997237e-05	0.0	1.0	216494.84536082475
chr3	49375433	49375591	RNA658	158	0				0.0
chr3	49862293	49862402	RNA659	109	17	0.024504872860662164	0.0	0.9411764705882353	155963.3027522936
chr3	52151015	52151100	RNA660	85	16	1.5733837471998413e-05	1.4700449810334248e-05	1.0	188235.29411764705
chr3	52829118	52829279	RNA661	161	35	2.352019699693384e-05	1.4699399798701052e-05	1.0	217391.30434782608
chr3	53125908	53125994	RNA662	86	18	2.3679644073123338e-05	0.0	1.0	209302.32558139536
chr3	56773708	56773816	RNA663	108	31	7.99414673594798e-05	1.4704999557579868e-05	1.0	287037.037037037
chr3	63278676	63278742	RNA664	66	21	0.0001785405793703922	1.4700300198455809e-05	1.0	318181.8181818182
chr3	73608597	73608684	RNA665	87	27	6.151234642688236e-05	1.4697699953103438e-05	1.0	310344.8275862069
chr3	79589823	79589961	RNA666	138	27	0.03705507260723674	0.0	0.9629629629629629	195652.1739130435
chr3	85802046	85802196	RNA667	150	21	0.04863891443225535	1.4699399798701052e-05	0.9523809523809523	140000.0
chr3	87240698	87240790	RNA668	92	23	3.131458687794291e-05	1.4697699953103438e-05	1.0	250000.0
chr3	100339086	100339205	RNA669	119	32	5.2833090279588235e-05	1.4701099644298664e-05	1.0	268907.56302521005
chr3	100555208	100555401	RNA670	193	40	6.615237616642612e-05	0.0	1.0	207253.88601036268
chr3	101319583	101319832	RNA671	249	46	1.0866795650065836e-05	7.349050065386109e-06	1.0	184738.95582329316
chr3	112041919	112042050	RNA672	131	28	0.04189719430256185	1.4698500308440998e-05	0.8928571428571429	213740.45801526718
chr3	112563384	112563533	RNA673	149	27	1.1432103747207834e-05	0.0	1.0	181208.05369127516
chr3	113778740	113778835	RNA674	95	10	7.34923005438759e-06	0.0	1.0	105263.15789473684
chr3	120002045	120002239	RNA675	194	28	3.412223648930404e-05	0.0	1.0	144329.8969072165
chr3	120730695	120730787	RNA676	92	13	0.07692760113884735	0.0	0.9230769230769231	141304.34782608695
chr3	124873445	124873531	RNA677	86	13	1.3571338548410075e-05	0.0	1.0	151162.7906976744
chr3	125972042	125972170	RNA678	128	0				0.0
chr3	130091260	130091371	RNA679	111	0				0.0
chr3	130894589	130894775	RNA680	186	0				0.0
chr3	134488018	134488090	RNA681	72	16	2.296598114526076e-05	1.4696999642183075e-05	1.0	222222.22222222222
chr3	139637962	139638062	RNA682	100	22	0.04546857817244514	0.0	0.9545454545454546	220000.0
chr3	141368620	141368804	RNA683	184	37	0.015785802644107182	0.0	0.972972972972973	201086.95652173914
chr3	142432660	142432893	RNA684	233	22	9.35547719067968e-06	0.0	1.0	94420.6008583691
chr3	167734213	167734350	RNA685	137	26	5.823467965735309e-05	1.4699399798701052e-05	1.0	189781.02189781022
chr3	171018530	171018623	RNA686	93	12	7.349016641455819e-06	0.0	1.0	129032.25806451612
chr3	177098465	177098541	RNA687	76	23	9.586326047175806e-06	1.4697699953103438e-05	1.0	302631.5789473684
chr3	184230746	184230917	RNA688	171	40	0.0058921979954447996	0.0	0.975	233918.12865497076
chr3	192360427	192360538	RNA689	111	15	2.1558780523868404e-05	0.0	1.0	135135.13513513515
chr3	196327389	196327591	RNA690	202	36	0.011832593143809484	1.4698549875902245e-05	0.9722222222222222	178217.82178217822
chr4	1711873	1711990	RNA691	117	34	9.946570544878555e-06	0.0	1.0	290598.2905982906
chr4	1893729	1893909	RNA692	180	50	0.020011466696196297	1.4699799976369832e-05	0.98	277777.7777777778
chr4	3086938	3087022	RNA693	84	12	6.125116594072703e-06	0.0	1.0	142857.14285714284
chr4	4387603	4387758	RNA694	155	34	0.00012154727723742004	0.0	1.0	219354.83870967742
chr4	4471638	4471706	RNA695	68	9	1.1432388823272453e-05	0.0	1.0	132352.9411764706
chr4	6576577	6576724	RNA696	147	53	2.662620419250986e-05	1.4696400285174605e-05	1.0	360544.21768707485
chr4	8106493	8106637	RNA697	144	34	0.0021293116689294544	0.0	0.9705882352941176	236111.1111111111
chr4	9171531	9171738	RNA698	0	0				
chr4	13619942	13620067	RNA699	125	18	0.055563722127721524	1.4696400285174605e-05	0.9444444444444444	144000.0
chr4	26489232	26489484	RNA700	252	52	3.109758035161912e-05	0.0	1.0	206349.20634920633
chr4	26919503	26919634	RNA701	131	16	9.187343835037609e-06	0.0	1.0	122137.40458015267
chr4	37829963	37830131	RNA702	168	22	1.6045081627615474e-05	0.0	1.0	130952.38095238096
chr4	47806902	47807047	RNA703	145	36	8.655080104189069e-05	0.0	1.0	248275.8620689655
chr4	52060418	52060524	RNA704	106	19	0.00047430076091059764	0.0	1.0	179245.28301886792
chr4	52750929	52751069	RNA705	140	35	0.00035489769197738366	1.4697699953103438e-05	1.0	250000.0
chr4	55509911	55510065	RNA706	154	22	0.00025787130884550745	1.4697900041937828e-05	1.0	142857.14285714284
chr4	67859556	67859678	RNA707	122	24	6.739074971543839e-06	0.0	1.0	196721.31147540984
chr4	69857499	69857653	RNA708	154	28	9.869305085885029e-05	1.4699399798701052e-05	1.0	181818.18181818182
chr4	73177379	73177533	RNA709	154	9	1.143402247786677e-05	0.0	1.0	58441.55844155844
chr4	73836963	73837096	RNA710	133	36	1.1023402597250477e-05	0.0	1.0	270676.6917293233
chr4	75515432	75515532	RNA711	100	13	0.00017523616602724455	0.0	1.0	130000.0
chr4	75940000	75940165	RNA712	165	44	6.21323437661085e-05	7.347549853875535e-06	1.0	266666.6666666667
chr4	76035215	76035342	RNA713	127	18	8.982266788532595e-06	0.0	1.0	141732.28346456692
chr4	77158532	77158670	RNA714	138	32	0.03475175818672937	0.0	0.9375	231884.0579710145
chr4	77871743	77871855	RNA715	112	20	2.7195575148648962e-05	1.4700299743708456e-05	1.0	178571.42857142858
chr4	78826036	78826155	RNA716	119	27	0.00012465678594674	1.4697699953103438e-05	1.0	226890.756302521
chr4	80200078	80200299	RNA717	221	50	1.234713201483828e-05	1.4696150174131617e-05	1.0	226244.3438914027
chr4	83045625	83045705	RNA718	80	9	1.143533326184196e-05	1.4700300198455809e-05	1.0	112500.0
chr4	84932269	84932363	RNA719	94	16	9.188393732983968e-06	1.4698749964736635e-05	1.0	170212.7659574468
chr4	87504821	87504923	RNA720	102	8	9.186850093101384e-06	7.348849976551719e-06	1.0	78431.37254901961
chr4	88019457	88019571	RNA721	114	23	1.1504839201971544e-05	0.0	1.0	201754.38596491228
chr4	89909275	89909395	RNA722	120	34	1.652885893075453e-05	1.4783499864279293e-05	1.0	283333.3333333333
chr4	98293404	98293515	RNA723	111	14	1.7854449976896702e-05	1.4703950000694022e-05	1.0	126126.12612612611
chr4	102726588	102726683	RNA724	95	11	4.0089272178275595e-06	0.0	1.0	115789.47368421052
chr4	103196758	103196850	RNA725	92	15	5.880073270721672e-06	0.0	1.0	163043.47826086957
chr4	103658214	103658403	RNA726	189	29	0.00011404076636169477	1.4698100130772218e-05	1.0	153439.15343915342
chr4	112644667	112644871	RNA727	204	29	0.001391301500665697	1.470159986638464e-05	1.0	142156.86274509804
chr4	114663994	114664137	RNA728	143	17	1.2970187954658198e-05	0.0	1.0	118881.11888111888
chr4	122927633	122927758	RNA729	125	22	1.536939544166658e-05	0.0	1.0	176000.0
chr4	137528731	137528820	RNA730	89	9	0.11111111096660252	0.0	0.8888888888888888	101123.59550561798
chr4	144652604	144652797	RNA731	193	32	1.161828424756095e-05	1.4709799870615823e-05	1.0	165803.10880829016
chr4	151279795	151279958	RNA732	162	35	0.012641603122392552	0.0	0.9714285714285714	216049.38271604938
chr4	165989380	165989491	RNA733	111	22	9.363099913819248e-06	0.0	1.0	198198.1981981982
chr4	169753675	169753835	RNA734	160	14	5.24879286396234e-06	0.0	1.0	87500.0
chr4	174920686	174920792	RNA735	106	17	0.019933977768072073	1.4704999557579868e-05	0.9411764705882353	160377.35849056602
chr4	177440272	177440426	RNA736	154	27	2.2331077565870786e-05	0.0	1.0	175324.67532467534
chr4	183193598	183193708	RNA737	110	19	9.284852622888712e-06	0.0	1.0	172727.27272727274
chr4	185019386	185019491	RNA738	105	15	5.8788666137843394e-06	0.0	1.0	142857.14285714284
chr4	185376908	185377018	RNA739	110	19	2.8623790106054947e-05	1.469549988541985e-05	1.0	172727.27272727274
chr4	186194499	186194612	RNA740	113	32	2.2964593739515397e-05	1.469549988541985e-05	1.0	283185.8407079646
chr5	6377165	6377249	RNA741	84	9	0.011123499027942466	1.4699399798701052e-05	0.8888888888888888	107142.85714285713
chr5	14270824	14270899	RNA742	75	14	0.0010511296492430602	0.0	1.0	186666.6666666667
chr5	14768974	14769191	RNA743	217	30	0.006448872955964662	1.4698100130772218e-05	0.9666666666666667	138248.8479262673
chr5	31530797	31530924	RNA744	127	15	2.6459040418552086e-05	1.4698100130772218e-05	1.0	118110.23622047243
chr5	36152770	36153042	RNA745	272	41	1.8286075695552796e-05	0.0	1.0	150735.29411764705
chr5	37379488	37379554	RNA746	66	0				0.0
chr5	41927012	41927248	RNA747	236	32	0.03125780956241897	0.0	0.96875	135593.22033898305
chr5	43509144	43509375	RNA748	222	44	0.00028598943413271253	7.347300197579898e-06	1.0	198198.1981981982
chr5	64774690	64774787	RNA749	97	16	3.648396955213594e-05	7.348599865508732e-06	1.0	164948.45360824742
chr5	65561462	65561564	RNA750	102	14	0.07145808142909768	0.0	0.9285714285714286	137254.90196078434
chr5	65635300	65635369	RNA751	69	10	2.057487063211193e-05	7.347749942709925e-06	1.0	144927.53623188406
chr5	75505981	75506116	RNA752	135	11	5.345154518594923e-06	0.0	1.0	81481.48148148149
chr5	78388836	78388914	RNA753	78	10	0.020234879703184556	7.348849976551719e-06	0.9	128205.12820512819
chr5	79613010	79613075	RNA754	65	13	6.784838450794968e-06	0.0	1.0	200000.0
chr5	79990593	79990663	RNA755	70	9	0.0012052442267910584	1.4697199731017465e-05	1.0	128571.42857142857
chr5	80202885	80203053	RNA756	168	33	2.0492045388723548e-05	0.0	1.0	196428.57142857142
chr5	80501791	80501917	RNA757	126	26	2.431987307388036e-05	7.348849976551719e-06	1.0	206349.20634920633
chr5	94628810	94628924	RNA758	114	24	1.7153212525045092e-05	1.4700500287290199e-05	1.0	210526.31578947368
chr5	97124465	97124629	RNA759	164	26	1.4132284657252769e-05	7.347950031544315e-06	1.0	158536.58536585365
chr5	122795265	122795383	RNA760	118	20	1.2494839938881342e-05	1.469744984206045e-05	1.0	169491.5254237288
chr5	137890480	137890582	RNA761	102	18	5.6351521632473384e-05	1.4698300219606608e-05	1.0	176470.58823529413
chr5	142613958	142614161	RNA762	203	40	0.00011648299307580222	7.347950031544315e-06	1.0	197044.33497536948
chr5	146218984	146219103	RNA763	119	5	8.819120012049098e-06	0.0	1.0	42016.80672268908
chr5	150086378	150086607	RNA764	229	42	1.5047245163993732e-05	7.347300197579898e-06	1.0	183406.11353711793
chr5	151786571	151786715	RNA765	144	20	2.2051139831087365e-05	7.349250154220499e-06	1.0	138888.8888888889
chr5	154034743	154034967	RNA766	224	42	9.801702422659478e-06	0.0	1.0	187500.0
chr5	157817442	157817547	RNA767	105	13	2.713791470271023e-05	1.4698999621032272e-05	1.0	123809.52380952382
chr5	162093827	162093979	RNA768	152	15	4.1165625589184896e-05	0.0	1.0	98684.21052631579
chr5	168371423	168371533	RNA769	110	15	4.900039978868639e-06	0.0	1.0	136363.63636363635
chr5	170385313	170385471	RNA770	158	30	0.0004254783335151451	1.4699199709866662e-05	1.0	189873.417721519
chr5	172770160	172770306	RNA771	146	27	8.164718464185069e-06	0.0	1.0	184931.50684931505
chr5	175967110	175967267	RNA772	156	7	0.0007743718249132624	1.6926200260058977e-05	1.0	44871.794871794875
chr5	177089549	177089693	RNA773	144	27	0.04557592365374687	0.0	0.9259259259259259	187500.0
chr5	177304624	177304850	RNA774	226	30	2.4011427012735177e-05	7.349699899350526e-06	1.0	132743.36283185842
chr5	177592574	177592675	RNA775	101	13	4.07045926504679e-05	0.0	1.0	128712.87128712871
chr5	178623255	178623416	RNA776	161	29	0.034670323336474115	1.4697699953103438e-05	0.9655172413793104	180124.22360248448
chr5	179024969	179025037	RNA777	68	12	2.08249335476705e-05	1.4698300219606608e-05	1.0	176470.58823529413
chr5	180137875	180138058	RNA778	183	40	2.904270033922875e-05	1.470025017624721e-05	1.0	218579.2349726776
chr5	180280439	180280608	RNA779	169	24	0.04167952874994777	0.0	0.9583333333333334	142011.83431952662
chr5	180338492	180338600	RNA780	108	0				0.0
chr6	2900443	2900621	RNA781	178	42	5.005042868062727e-05	7.347749942709925e-06	1.0	235955.05617977527
chr6	3006467	3006559	RNA782	92	22	2.4727668377718974e-05	1.470200004405342e-05	1.0	239130.4347826087
chr6	3432093	3432338	RNA783	245	52	2.3464288408198258e-05	1.4697900041937828e-05	1.0	212244.89795918367
chr6	4133548	4133701	RNA784	153	32	0.008017749585974343	0.0	0.96875	209150.3267973856
chr6	17602589	17602710	RNA785	121	24	1.4901604534615638e-05	0.0	1.0	198347.10743801654
chr6	24716147	24716324	RNA786	177	11	1.7371627274604346e-05	1.4697699953103438e-05	1.0	62146.892655367235
chr6	25653381	25653452	RNA787	71	20	3.5278243876743e-05	0.0	1.0	281690.1408450704
chr6	30061514	30061669	RNA788	155	27	0.00025041428879948635	0.0	1.0	174193.5483870968
chr6	30690046	30690243	RNA789	197	19	1.5471152533121457e-05	1.4696400285174605e-05	1.0	96446.70050761421
chr6	30909033	30909173	RNA790	140	18	1.7148716627463126e-05	0.0	1.0	128571.42857142857
chr6	31728645	31728745	RNA791	100	11	6.683345418423414e-06	0.0	1.0	110000.0
chr6	31896922	31896989	RNA792	67	11	2.2800526990474935e-05	0.0	1.0	164179.10447761195
chr6	32852387	32852502	RNA793	115	17	2.4218205801252577e-05	0.0	1.0	147826.08695652176
chr6	33272627	33272726	RNA794	99	10	4.410029941936955e-06	0.0	1.0	101010.101010101
chr6	33289769	33289920	RNA795	151	24	2.3888795984313915e-05	0.0	1.0	158940.3973509934
chr6	33297031	33297115	RNA796	84	13	4.63686383927005e-05	1.4702900443808176e-05	1.0	154761.90476190476
chr6	35486460	35486711	RNA797	251	36	4.8588398335085595e-05	0.0	1.0	143426.29482071713
chr6	37008833	37009065	RNA798	232	57	0.013429426613615836	1.4696400285174605e-05	0.9824561403508771	245689.6551724138
chr6	39720701	39720811	RNA799	110	23	0.0010353649166695985	1.470200004405342e-05	1.0	209090.9090909091
chr6	41071595	41071675	RNA800	80	19	6.9624893991491075e-06	0.0	1.0	237500.0
chr6	41079028	41079164	RNA801	136	20	0.00028668207137342975	1.4699150142405415e-05	1.0	147058.82352941178
chr6	42188581	42188731	RNA802	150	26	1.1872069220631742e-05	1.4697199731017465e-05	1.0	173333.33333333334
chr6	42962211	42962339	RNA803	128	21	1.7497990657349606e-05	0.0	1.0	164062.5
chr6	44248629	44248776	RNA804	147	26	0.0003363311333347268	7.348200142587302e-06	1.0	176870.74829931973
chr6	44343095	44343234	RNA805	139	33	0.008579031791476042	0.0	0.9696969696969697	237410.07194244603
chr6	47786514	47786634	RNA806	120	18	1.0617511230116685e-05	0.0	1.0	150000.0
chr6	52535782	52535846	RNA807	64	8	2.0208312093927816e-05	1.4696999642183075e-05	1.0	125000.0
chr6	54320578	54320642	RNA808	64	10	1.3236940321800208e-05	0.0	1.0	156250.0
chr6	55577077	55577167	RNA809	90	21	9.101300054767524e-06	0.0	1.0	233333.33333333334
chr6	57210225	57210445	RNA810	220	0				0.0
chr6	70732377	70732511	RNA811	134	13	1.5833384727906938e-05	1.4704999557579868e-05	1.0	97014.92537313433
chr6	80127546	80127624	RNA812	78	10	1.4700959764013532e-05	0.0	1.0	128205.12820512819
chr6	87215902	87216057	RNA813	155	19	1.1623405283133156e-05	1.4717100384586956e-05	1.0	122580.64516129032
chr6	87348811	87348906	RNA814	95	21	3.989930887438713e-05	0.0	1.0	221052.63157894736
chr6	89299758	89299865	RNA815	107	34	8.559837386414982e-05	1.469744984206045e-05	1.0	317757.0093457944
chr6	96966995	96967083	RNA816	88	14	0.0024821008684869166	7.348399776674342e-06	1.0	159090.9090909091
chr6	99342897	99343033	RNA817	136	19	1.3923815889651642e-05	1.4696400285174605e-05	1.0	139705.88235294117
chr6	110959171	110959252	RNA818	81	17	9.510482307044131e-06	0.0	1.0	209876.54320987655
chr6	125751800	125751879	RNA819	79	0				0.0
chr6	129049917	129050088	RNA820	171	39	0.0029843421074567714	0.0	0.9743589743589743	228070.1754385965
chr6	134943818	134943966	RNA821	148	43	2.9053232411079488e-05	0.0	1.0	290540.54054054053
chr6	136282583	136282687	RNA822	104	18	4.0844166101629125e-06	0.0	1.0	173076.92307692306
chr6	137161688	137161814	RNA823	126	19	0.0017680508870781505	0.0	1.0	150793.6507936508
chr6	158789287	158789371	RNA824	84	10	1.1758880009438145e-05	7.348849976551719e-06	1.0	119047.61904761904
chr6	159197430	159197625	RNA825	195	44	2.338324574421429e-05	1.4696150174131617e-05	1.0	225641.02564102566
chr6	160256613	160256717	RNA826	104	18	1.4702466715890398e-05	7.347549853875535e-06	1.0	173076.92307692306
chr6	160397978	160398082	RNA827	104	21	1.330067603010407e-05	0.0	1.0	201923.07692307694
chr6	167123118	167123223	RNA828	105	23	5.112778205290416e-06	0.0	1.0	219047.61904761905
chr7	6705158	6705223	RNA829	65	12	1.2247700093818517e-05	1.4696400285174605e-05	1.0	184615.38461538462
chr7	12393593	12393778	RNA830	185	48	0.018530745166913217	0.0	0.9791666666666666	259459.45945945947
chr7	26177942	26178122	RNA831	180	30	1.910591975804993e-05	7.347549853875535e-06	1.0	166666.66666666666
chr7	30459900	30460041	RNA832	141	32	1.5156762515286672e-05	7.347100108745508e-06	1.0	226950.35460992908
chr7	30500535	30500681	RNA833	146	13	1.1304561807124768e-05	0.0	1.0	89041.09589041096
chr7	30689190	30689284	RNA834	94	21	0.00011338734033674875	0.0	1.0	223404.2553191489
chr7	31692405	31692523	RNA835	118	26	0.004715202283443009	1.4697899587190477e-05	0.9615384615384616	220338.98305084746
chr7	42927382	42927459	RNA836	77	7	3.149301470070246e-05	1.469590006308863e-05	1.0	90909.09090909091
chr7	44140960	44141074	RNA837	114	28	0.0016155206538834475	1.470910001444281e-05	1.0	245614.0350877193
chr7	47943395	47943511	RNA838	116	22	6.6842999744535936e-06	0.0	1.0	189655.1724137931
chr7	48028816	48028944	RNA839	128	30	3.675046694600656e-05	7.348599865508732e-06	1.0	234375.0
chr7	48090187	48090364	RNA840	177	37	0.0007149949648206703	1.4696400285174605e-05	1.0	209039.54802259887
chr7	50449555	50449723	RNA841	168	14	0.012756599844059172	0.0	0.9285714285714286	83333.33333333333
chr7	54757494	54757594	RNA842	100	12	1.4700041371421927e-05	1.4697900041937828e-05	1.0	120000.0
chr7	64544305	64544432	RNA843	127	0				0.0
chr7	72403250	72403442	RNA844	192	78	2.091915139783467e-05	1.4696799553348685e-05	1.0	406250.0
chr7	76235027	76235299	RNA845	272	63	0.01581836393121366	0.0	0.9841269841269841	231617.64705882355
chr7	77167657	77167824	RNA846	167	32	0.0011634494668726232	1.4698100130772218e-05	1.0	191616.76646706587
chr7	92244901	92245171	RNA847	269	52	0.0002234348889067806	1.4701099644298664e-05	1.0	193308.5501858736
chr7	95595022	95595164	RNA848	142	29	9.124406805595159e-06	0.0	1.0	204225.35211267608
chr7	98362356	98362432	RNA849	76	18	8.984450030564201e-06	7.348599865508732e-06	1.0	236842.1052631579
chr7	99618524	99618651	RNA850	127	25	2.1759736555391856e-05	0.0	1.0	196850.39370078742
chr7	100114053	100114268	RNA851	215	40	3.196695515725497e-05	0.0	1.0	186046.51162790696
chr7	100308973	100309192	RNA852	30	0				0.0
chr7	100875572	100875712	RNA853	140	18	1.1432455519550584e-05	1.469744984206045e-05	1.0	128571.42857142857
chr7	103075776	103075881	RNA854	105	24	9.063072419242034e-05	7.348599865508732e-06	1.0	228571.42857142855
chr7	103917074	103917185	RNA855	111	20	0.10001250255008927	1.4706299680256052e-05	0.9	180180.18018018018
chr7	104204141	104204234	RNA856	93	17	2.6807282879682568e-05	0.0	1.0	182795.6989247312
chr7	107580758	107580864	RNA857	106	26	1.074283461723378e-05	0.0	1.0	245283.01886792452
chr7	112286872	112287074	RNA858	202	0				0.0
chr7	112455762	112455867	RNA859	105	15	9.798846501022732e-06	1.4696400285174605e-05	1.0	142857.14285714284
chr7	114426501	114426679	RNA860	178	22	3.755039113622634e-05	7.37549999030307e-06	1.0	123595.50561797753
chr7	117426835	117426935	RNA861	100	23	0.0004513633099201699	0.0	1.0	230000.0
chr7	120951163	120951235	RNA862	72	11	9.354472736462908e-06	1.4698100130772218e-05	1.0	152777.77777777778
chr7	127589082	127589163	RNA863	81	11	1.3364063389334744e-05	0.0	1.0	135802.46913580247
chr7	128794347	128794602	RNA864	255	42	0.0002576260538565573	0.0	1.0	164705.88235294117
chr7	130381097	130381179	RNA865	82	19	4.257237364263646e-05	0.0	1.0	231707.31707317074
chr7	131375423	131375493	RNA866	70	6	7.35200016303376e-06	0.0	1.0	85714.28571428571
chr7	135209575	135209755	RNA867	180	34	1.5563273470487568e-05	1.4696799553348685e-05	1.0	188888.88888888888
chr7	140382437	140382596	RNA868	159	18	0.016478321927631136	0.0	0.9444444444444444	113207.54716981133
chr7	149080590	149080717	RNA869	127	19	1.4698263073928261e-05	1.4697699953103438e-05	1.0	149606.29921259845
chr7	150340435	150340629	RNA870	194	48	0.015344323753671079	7.347100108745508e-06	0.9791666666666666	247422.68041237115
chr7	157358546	157358637	RNA871	91	21	7.698342848189419e-06	0.0	1.0	230769.23076923078
chr7	158701821	158701938	RNA872	117	23	0.043490404247637816	1.4694600395159796e-05	0.9565217391304348	196581.19658119656
chr8	6978459	6978646	RNA873	0	0				
chr8	7470307	7470516	RNA874	0	1	0.0054822801612317	0.0054822801612317	1.0	
chr8	7574188	7574388	RNA875	70	0				0.0
chr8	7848690	7848843	RNA876	0	4	0.00297635142487705	3.485289926175028e-05	1.0	
chr8	11802257	11802455	RNA877	198	137	0.007502194705204307	0.0	0.9927007299270073	691919.191919192
chr8	19948179	19948340	RNA878	161	28	0.0006139165258381096	1.4699599887535442e-05	1.0	173913.04347826086
chr8	21966856	21967003	RNA879	147	16	1.9288286921433467e-05	0.0	1.0	108843.53741496598
chr8	22927583	22927720	RNA880	137	42	0.00452989661386839	0.0	0.9761904761904762	306569.34306569345
chr8	23111719	23111825	RNA881	106	15	1.0779320048944403e-05	0.0	1.0	141509.43396226416
chr8	23154873	23154979	RNA882	106	24	0.00023827365119661183	0.0	1.0	226415.09433962265
chr8	23288505	23288633	RNA883	128	25	0.010959923420559783	0.0	0.96	195312.5
chr8	26293665	26293740	RNA884	75	11	1.3366554412641563e-05	0.0	1.0	146666.66666666666
chr8	26391242	26391426	RNA885	184	21	8.820783642433643e-05	1.4699799976369832e-05	1.0	114130.43478260869
chr8	27298463	27298559	RNA886	96	24	1.714573708492464e-05	0.0	1.0	250000.0
chr8	28097218	28097318	RNA887	100	16	2.113069371034125e-05	1.469744984206045e-05	1.0	160000.0
chr8	39917874	39917970	RNA888	96	14	5.253149993222905e-06	0.0	1.0	145833.33333333334
chr8	40825574	40825680	RNA889	106	14	1.25982428471616e-05	1.469569997425424e-05	1.0	132075.4716981132
chr8	43146947	43147063	RNA890	116	13	6.791022944805893e-06	0.0	1.0	112068.96551724138
chr8	47961515	47961680	RNA891	165	43	1.8458537132847476e-05	1.4696400285174605e-05	1.0	260606.0606060606
chr8	48731347	48731503	RNA892	156	38	0.0001904089767776874	1.4702849966852227e-05	1.0	243589.7435897436
chr8	53841577	53841725	RNA893	148	25	1.1170192119607235e-05	0.0	1.0	168918.9189189189
chr8	56980034	56980197	RNA894	163	27	1.034695179879674e-05	1.4696400285174605e-05	1.0	165644.1717791411
chr8	66043487	66043611	RNA895	124	35	0.024048894704433874	1.4696400285174605e-05	0.9714285714285714	282258.06451612903
chr8	67017618	67017831	RNA896	213	32	1.0565112688709632e-05	0.0	1.0	150234.74178403756
chr8	73297193	73297429	RNA897	236	23	0.000342470320111199	0.0	1.0	97457.62711864407
chr8	81444816	81444989	RNA898	173	33	0.025754077374310295	0.0	0.9696969696969697	190751.44508670518
chr8	97661071	97661173	RNA899	102	16	1.102430627497597e-05	0.0	1.0	156862.74509803922
chr8	98254018	98254087	RNA900	69	11	3.2082145894069756e-05	1.4701099644298664e-05	1.0	159420.28985507245
chr8	108082544	108082807	RNA901	263	68	1.7078168880020247e-05	0.0	1.0	258555.1330798479
chr8	109364546	109364636	RNA902	90	13	0.016155416580799133	1.472490021114936e-05	0.9230769230769231	144444.44444444444
chr8	123774079	123774164	RNA903	85	13	1.8097715418172393e-05	0.0	1.0	152941.17647058825
chr8	125003175	125003428	RNA904	253	38	1.8187742266729232e-05	1.4698100130772218e-05	1.0	150197.62845849802
chr8	131940498	131940575	RNA905	77	20	1.4752999959455337e-05	1.4725999790243804e-05	1.0	259740.2597402597
chr8	133060099	133060200	RNA906	101	20	0.0006093044045883255	1.4699199709866662e-05	1.0	198019.80198019804
chr8	142354636	142354763	RNA907	127	39	0.005175862644883188	1.4702900443808176e-05	0.9743589743589743	307086.6141732283
chr8	142917058	142917214	RNA908	156	28	0.10715230668578053	1.469984999857843e-05	0.8928571428571429	179487.1794871795
chr8	143608061	143608126	RNA909	65	10	0.00029248356049720124	0.0	1.0	153846.15384615384
chr8	143687993	143688067	RNA910	74	12	4.088434161530214e-05	1.4954400285205338e-05	1.0	162162.16216216216
chr8	143735849	143735938	RNA911	89	16	1.194942495885698e-05	0.0	1.0	179775.2808988764
chr8	143975176	143975375	RNA912	199	37	1.390536222921492e-05	0.0	1.0	185929.64824120604
chr8	144160969	144161089	RNA913	120	22	4.47646590890223e-05	7.348399776674342e-06	1.0	183333.3333333333
chr8	144289094	144289304	RNA914	210	65	4.409025757642696e-05	1.4696799553348685e-05	1.0	309523.8095238095
chr8	144444179	144444275	RNA915	96	21	2.594844300758335e-05	0.0	1.0	218750.0
chr8	144510359	144510507	RNA916	148	45	1.8948486912347856e-05	0.0	1.0	304054.0540540541
chr8	144802869	144802947	RNA917	78	11	1.7379245367589068e-05	1.470159986638464e-05	1.0	141025.64102564103
chr9	4722505	4722625	RNA918	120	33	1.870829700320027e-05	1.4696799553348685e-05	1.0	275000.0
chr9	5656582	5656690	RNA919	108	17	0.00033867378790412167	0.0	1.0	157407.40740740742
chr9	6792971	6793132	RNA920	161	40	1.1024089917554891e-05	0.0	1.0	248447.2049689441
chr9	16738359	16738485	RNA921	126	22	0.0001222585015883909	0.0	1.0	174603.1746031746
chr9	17143287	17143376	RNA922	89	17	2.853559410997063e-05	1.4699399798701052e-05	1.0	191011.23595505618
chr9	19423861	19423976	RNA923	115	31	7.5875774317894194e-06	0.0	1.0	269565.2173913043
chr9	24545211	24545286	RNA924	75	18	5.716844447710577e-06	0.0	1.0	240000.0
chr9	34125022	34125277	RNA925	255	33	0.0010241738420352822	0.0	1.0	129411.76470588236
chr9	34637219	34637420	RNA926	201	37	2.6216700117962873e-05	1.4694600395159796e-05	1.0	184079.60199004973
chr9	35689145	35689271	RNA927	126	14	1.364724260253288e-05	0.0	1.0	111111.11111111111
chr9	35732995	35733143	RNA928	148	25	2.4105931879602334e-05	0.0	1.0	168918.9189189189
chr9	35793897	35794103	RNA929	206	44	2.4722141068359808e-05	0.0	1.0	213592.23300970873
chr9	37692637	37692742	RNA930	105	28	0.0064451861792999155	0.0	0.9642857142857143	266666.6666666667
chr9	81687333	81687434	RNA931	101	23	0.0003022780881070947	0.0	1.0	227722.77227722772
chr9	87973921	87974035	RNA932	114	0				0.0
chr9	92112454	92112562	RNA933	108	0				0.0
chr9	94587306	94587469	RNA934	163	42	0.025937680228751214	0.0	0.9523809523809523	257668.71165644174
chr9	97916163	97916338	RNA935	175	27	1.360992225980024e-05	1.4696400285174605e-05	1.0	154285.7142857143
chr9	99915177	99915362	RNA936	185	41	0.002333102039434686	1.4697699953103438e-05	0.975609756097561	221621.62162162163
chr9	105705596	105705753	RNA937	157	27	1.742103682368306e-05	1.4698500308440998e-05	1.0	171974.5222929936
chr9	107300140	107300222	RNA938	82	4	1.4712375104863895e-05	1.4712150004925206e-05	1.0	48780.48780487805
chr9	110251357	110251462	RNA939	105	25	6.411156398825227e-05	0.0	1.0	238095.23809523808
chr9	113011140	113011227	RNA940	87	15	1.1759653231515728e-05	0.0	1.0	172413.7931034483
chr9	113276544	113276725	RNA941	181	30	1.176185345078314e-05	1.4697900041937828e-05	1.0	165745.85635359117
chr9	113336287	113336440	RNA942	153	15	0.004744604580506946	1.4699399798701052e-05	0.9333333333333333	98039.2156862745
chr9	113393446	113393634	RNA943	188	40	3.270137253820997e-05	1.469529979658546e-05	1.0	212765.95744680852
chr9	114098114	114098190	RNA944	76	13	9.051884682356524e-06	0.0	1.0	171052.63157894736
chr9	114323662	114323805	RNA945	143	33	0.03027278106519864	0.0	0.9696969696969697	230769.23076923078
chr9	119313137	119313405	RNA946	268	50	1.2936359908053245e-05	0.0	1.0	186567.1641791045
chr9	121301962	121302167	RNA947	205	49	0.02043516321618324	1.4699399798701052e-05	0.9795918367346939	239024.39024390242
chr9	122227408	122227480	RNA948	72	14	1.413669997418765e-05	1.4719100363436155e-05	1.0	194444.44444444444
chr9	122261379	122261508	RNA949	129	16	7.3496248660376295e-06	0.0	1.0	124031.00775193798
chr9	123184131	123184298	RNA950	167	29	1.2165334455544482e-05	1.4696799553348685e-05	1.0	173652.69461077845
chr9	125240675	125240907	RNA951	232	16	5.511956203463342e-06	0.0	1.0	68965.5172413793
chr9	125748549	125748623	RNA952	74	13	1.4696968929246605e-05	0.0	1.0	175675.67567567568
chr9	127291167	127291242	RNA953	75	7	1.049877131923235e-05	0.0	1.0	93333.33333333334
chr9	127397375	127397538	RNA954	163	47	2.3151604472462867e-05	0.0	1.0	288343.55828220857
chr9	128323015	128323147	RNA955	132	40	3.7112875088486774e-05	0.0	1.0	303030.30303030304
chr9	128459566	128459657	RNA956	91	27	2.8852859435972958e-05	0.0	1.0	296703.2967032967
chr9	129040451	129040690	RNA957	239	52	7.008954391424287e-05	0.0	1.0	217573.2217573222
chr9	131096801	131096863	RNA958	62	16	8.269387535619899e-06	7.349250154220499e-06	1.0	258064.51612903224
chr9	136943890	136944106	RNA959	216	88	7.766315704057558e-05	1.4697699953103438e-05	1.0	407407.40740740736
chr9	136945633	136945770	RNA960	137	42	1.7854790366113244e-05	0.0	1.0	306569.34306569345
chr9	137078049	137078254	RNA961	205	47	6.60010223424575e-05	1.4697199731017465e-05	1.0	229268.29268292684
chr9	137114462	137114576	RNA962	114	40	0.014862163440625405	0.0	0.975	350877.1929824561
chr9	137206231	137206309	RNA963	78	14	1.0500657091532567e-05	1.4700300198455809e-05	1.0	179487.1794871795
chrX	284166	284314	RNA964	148	0				0.0
chrX	316913	317051	RNA965	138	0				0.0
chrX	2925615	2925765	RNA966	150	0				0.0
chrX	9032958	9033075	RNA967	117	0				0.0
chrX	9873651	9873803	RNA968	152	29	2.3989599992935154e-05	0.0	1.0	190789.47368421053
chrX	13655288	13655373	RNA969	85	9	0.003017231488128232	0.0	1.0	105882.35294117648
chrX	13807649	13807769	RNA970	120	17	0.00012373163821500783	1.8777600416797213e-05	1.0	141666.66666666666
chrX	14873688	14873758	RNA971	70	5	3.761440166272223e-06	0.0	1.0	71428.57142857142
chrX	18697844	18697931	RNA972	87	9	1.885302198287617e-05	1.884199991764035e-05	1.0	103448.27586206897
chrX	23910282	23910418	RNA973	136	25	0.028734965722615004	0.0	0.96	183823.52941176473
chrX	24494741	24494883	RNA974	142	12	1.0943841668146584e-05	0.0	1.0	84507.04225352113
chrX	30871698	30871801	RNA975	103	14	0.009048521251705608	9.404499905940613e-06	0.9285714285714286	135922.33009708737
chrX	43843669	43843764	RNA976	95	8	2.5920575126292533e-05	1.883275035652332e-05	1.0	84210.52631578947
chrX	47081129	47081307	RNA977	178	24	1.2565287382434084e-05	9.408199730387423e-06	1.0	134831.4606741573
chrX	47223551	47223759	RNA978	208	31	1.5830384067917473e-05	0.0	1.0	149038.46153846153
chrX	47629768	47629909	RNA979	141	17	1.0026829413083546e-05	0.0	1.0	120567.37588652481
chrX	48007716	48007947	RNA980	0	0				
chrX	48765834	48765972	RNA981	138	17	0.00013722051131908716	0.0	1.0	123188.40579710146
chrX	48909813	48909996	RNA982	183	19	6.912463217495794e-06	0.0	1.0	103825.13661202186
chrX	53414980	53415169	RNA983	189	11	1.1990445603838783e-05	0.0	1.0	58201.0582010582
chrX	67643255	67643407	RNA984	152	18	3.971652181967438e-05	1.8804249521053862e-05	1.0	118421.05263157895
chrX	70424975	70425089	RNA985	114	15	2.7592166710140046e-05	0.0	1.0	131578.94736842104
chrX	71367498	71367613	RNA986	115	14	2.1520563677761223e-05	9.41479993343819e-06	1.0	121739.13043478261
chrX	74595808	74596000	RNA987	192	13	0.00036221488433231145	1.874870031315368e-05	1.0	67708.33333333333
chrX	78138842	78138924	RNA988	82	17	7.720870759358685e-06	0.0	1.0	207317.0731707317
chrX	86027490	86027557	RNA989	67	6	6.271616560601008e-06	0.0	1.0	89552.23880597015
chrX	103685170	103685260	RNA990	90	8	9.403562444276758e-06	0.0	1.0	88888.88888888889
chrX	107645176	107645350	RNA991	174	5	8.622407985966756e-05	1.877899921964854e-05	1.0	28735.632183908045
chrX	108126076	108126187	RNA992	111	4	4.692974926001625e-06	0.0	1.0	36036.036036036036
chrX	114613814	114613881	RNA993	67	9	3.140322142926857e-05	0.0	1.0	134328.35820895524
chrX	119147472	119147593	RNA994	121	0				0.0
chrX	120983744	120983900	RNA995	0	0				
chrX	149713142	149713255	RNA996	113	0				0.0
chrX	151717271	151717399	RNA997	128	19	3.565467886800951e-05	1.881219941424206e-05	1.0	148437.5
chrX	152136870	152136969	RNA998	99	17	0.0008298585300294289	0.0	1.0	171717.1717171717
chrX	153723152	153723288	RNA999	136	19	2.4820121325311678e-05	0.0	1.0	139705.88235294117
chrX	153765470	153765580	RNA1000	110	33	0.00011279990609512099	0.0	1.0	300000.0
