Functional,GC_percentage,GA,CpG,GG,TA,phyloP_max_241w,phyloP_max_100w,RPKM_tissue,RPKM_primary-cell,copy_number,repeat_distance,Interaction_ave,coding_potential,RNAalifold_score,Max_covariance,MFE,SNP_density,MAF_avg,H3K27ac_AvgSignal,H3K36me3_AvgSignal,H3K79me2_AvgSignal,chrm_acc_AvgSignal,Neutral
Yes,38.0,0.29,0.11,-0.2,-0.27,0.322,1.259,13.14,20.71,1.0,362.0,-2.689,7.36,-39.83,15.61,-43.8,0.243589,0.000114,27.8738,81.0752,0.0,0.0,18704.0
Yes,53.0,-0.36,-0.25,0.27,0.13,3.129,1.931,15.86,37.8,2.0,1187.0,-6.105,1.31,0.0,69.61,-52.8,0.217105,3.5e-05,80.4076,715.736,0.0,2.10981,30531.0
Yes,54.0,0.21,-0.23,0.33,-0.45,0.543,0.594,12313.31,34676.62,175.0,841.0,-6.015,3.53,0.0,70.91,-59.9,1.567073,0.001665,3900.68,0.0,0.0,7389.6,23270.0
Yes,55.0,0.3,-1.12,1.06,-1.08,4.147,1.653,1.6,0.9,1.0,424.0,-5.773,4.93,0.0,93.31,-41.5,0.275229,0.000461,11.7389,0.0,0.0,0.0,7042.0
Yes,53.0,-0.43,-0.37,0.13,-0.16,5.376,2.952,11.12,49.25,1.0,201.0,-2.629,5.74,0.0,55.07,-62.5,0.195121,2.5e-05,11.3717,19.648,64.8637,15.0201,2201.0
Yes,52.0,0.05,-0.32,0.18,-0.87,0.322,2.3,3.57,1.85,2.0,317.0,-4.12,4.92,-45.13,16.48,-22.3,0.128205,9e-06,841.817,11.1696,0.0,2.24067,13674.0
Yes,40.0,-0.28,0.39,-0.8,-0.08,8.903,8.004,104.37,3050.31,1.0,1140.0,-4.113,4.5,-0.89,205.16,-57.2,0.156626,2.3e-05,18.6745,1490.16,546.63,0.0,13816.0
Yes,56.0,-0.31,-0.28,0.42,-0.3,7.561,1.481,565.9,1369.75,6.0,320.0,-6.645,1.41,0.0,167.98,-72.8,0.434782,0.000173,14072.2,3229.41,605.825,144.521,3636.0
Yes,54.0,0.04,-0.32,0.33,-0.52,1.092,2.381,222.35,1647.25,7.0,710.0,-6.755,4.93,-51.82,28.57,-72.9,0.416666,0.001507,11606.6,4692.36,545.443,68.7714,24493.0
Yes,50.0,-0.11,0.35,0.08,-1.18,8.358,8.837,2216.15,5874.92,5.0,854.0,-5.049,4.34,-8.74,166.02,-51.9,2.103703,0.00034,23497.1,457.157,0.0,18421.3,32285.0
Yes,48.0,0.55,-0.87,-0.51,-0.97,2.687,1.826,20.0,28.28,1.0,585.0,-2.923,1.26,0.0,87.94,-27.4,0.155844,2.6e-05,2345.45,2575.22,26.7047,1.86122,26833.0
Yes,54.0,0.28,-0.49,-0.03,0.19,8.892,7.704,30.33,124.11,1.0,4565.0,-7.302,3.27,-4.64,134.48,-29.6,0.22,0.000105,3592.33,2863.72,303.473,122.966,12455.0
Yes,58.0,-1.22,0.67,0.11,0.31,8.87,8.945,6.61,13.23,1.0,1299.0,-6.371,12.09,-51.15,36.41,-85.7,0.305555,6.3e-05,89.8837,133.887,0.0,115.938,25131.0
Yes,40.0,0.45,-0.82,-1.48,-0.84,8.476,7.359,1602.0,37363.16,5.0,1779.0,-3.748,4.62,-3.19,100.9,-17.1,0.202898,1.4e-05,2523.72,4277.51,576.395,162.226,21029.0
Yes,56.0,0.45,-0.1,-0.02,-0.81,0.322,0.311,1.12,1.5,169.0,167.0,-3.312,8.94,-94.56,67.48400000000001,-47.1,0.22093,1.7e-05,0.0,2.79527,0.0,105.827,26990.0
Yes,54.0,-0.42,0.33,0.38,-0.36,2.448,2.983,4.71,6.0,2.0,2092.0,-2.454,3.97,0.0,74.93,-64.2,0.394736,0.003371,7611.29,1.28965,73.505,632.31,23001.0
Yes,50.0,0.18,0.18,-0.19,-1.04,2.322,1.896,1.0,4.62,1.0,501.0,-3.297,5.85,0.0,32.96,-46.9,0.168674,0.006198,23.1439,4.28151,0.0,34.1183,4065.0
Yes,26.0,-0.49,1.06,-0.45,-0.19,4.364,4.09,11.25,10.75,1.0,1111.0,-2.405,1.28,0.0,123.72,-20.7,0.193181,0.00337,93.1971,936.723,0.0,1.18854,25976.0
Yes,36.0,0.25,-0.81,0.39,-1.1,2.089,2.657,41.11,65.0,2.0,1675.0,-4.186,4.99,0.0,99.14,-22.2,0.16129,0.000461,9.1926,23.2744,2.90303,0.0,17382.0
Yes,48.0,0.51,0.05,-0.39,-0.92,0.34,1.02,15.42,5.38,86.0,119.0,-7.132,13.73,-117.09,17.48,-71.4,0.190697,0.000237,5.08991,0.0,0.0,8.57279,9042.0
Yes,36.0,-0.95,0.83,-0.17,-0.01,2.153,2.68,1.28,1.85,2.0,4729.0,-1.983,3.86,0.0,8.34,-47.1,0.115384,8e-06,1426.77,1.80265,14.0844,0.0,23369.0
Yes,65.0,0.63,0.06,-0.44,-0.72,8.596,7.535,4398.19,2311.4,1.0,404.0,-8.774,3.4,0.0,186.51,-195.1,0.313539,0.000207,17469.9,751.951,429.623,10874.4,11443.0
Yes,44.0,0.14,-0.34,-0.08,-0.38,1.204,1.996,8.25,128.37,2.0,465.0,-4.644,4.91,-0.59,18.25,-56.7,0.22093,0.0006,1698.17,1446.43,4.37884,56.9467,24202.0
Yes,43.0,0.29,-0.23,-0.09,-0.95,0.338,0.485,14.25,174.31,68.0,550.0,-5.889,12.75,-21.45,32.29,-40.8,0.423312,0.003704,16595.0,184.62,0.0,9392.66,7014.0
Yes,43.0,0.27,-0.25,-0.14,-0.94,0.338,0.485,14.31,174.31,68.0,549.0,-5.858,12.75,-21.45,32.29,-41.4,0.426829,0.003652,16592.0,184.583,0.0,9386.17,1596.0
Yes,51.0,0.33,-0.23,0.07,-0.57,6.152,0.996,2332.25,7982.25,104.0,858.0,-6.593,3.59,0.0,150.54,-52.2,0.378048,6.2e-05,31.2262,15.7112,0.0,123.056,27025.0
Yes,52.0,0.29,-0.45,0.32,-0.0,5.677,0.191,1559.87,817.06,94.0,801.0,-5.733,7.33,0.0,187.2,-54.6,1.436363,0.001035,11351.1,404.034,0.0,16002.5,6444.0
Yes,46.0,-0.05,-0.44,0.35,-0.42,5.623,0.475,15.25,69.87,6.0,695.0,-7.246,3.81,0.0,184.94,-42.9,1.055555,0.000627,13960.2,158.355,0.0,6264.74,25317.0
Yes,51.0,0.08,-0.36,0.31,-0.38,0.545,0.478,719.37,4568.06,123.0,840.0,-6.796,5.52,0.0,75.96,-53.3,0.593939,2.7e-05,15182.4,132.278,0.0,8900.2,11274.0
Yes,49.0,0.37,-0.23,0.15,-0.38,5.677,0.506,91.68,1132.93,122.0,807.0,-6.077,6.06,0.0,181.04,-50.2,1.817073,0.000713,11734.0,612.552,0.0,14707.1,31759.0
Yes,66.0,-0.24,-0.48,0.29,0.18,7.867,2.16,127158.16,185564.66,62.0,135.0,-6.568,6.98,-6.49,12.5,-23.6,1.869565,0.000301,7563.97,1895.51,0.0,10234.6,13652.0
Yes,57.0,-0.43,0.21,-0.21,-0.07,7.031,2.751,336.14,2337.85,70.0,712.0,-6.021,2.71,-11.28,12.74,-27.6,1.430555,0.000218,13330.7,1847.78,0.0,9789.97,12887.0
Yes,50.0,0.32,-0.19,-0.02,-0.45,0.538,1.667,377.0,321.5,97.0,522.0,-6.96,12.69,-6.15,26.84,-43.2,0.975609,0.000502,15357.0,158.121,0.0,11249.2,25398.0
Yes,45.0,-0.04,-0.57,0.39,-0.46,5.689,0.468,4.33,70.93,6.0,695.0,-7.178,8.21,0.0,151.9,-44.4,1.0125,0.000784,5722.36,137.063,0.0,6897.43,14249.0
Yes,54.0,0.21,-0.26,0.33,-0.42,0.534,0.689,9094.12,25555.37,173.0,881.0,-6.271,7.05,-2.1,62.62,-59.1,1.695121,0.000977,8471.55,166.087,0.0,12419.1,19544.0
Yes,42.0,0.12,-0.22,0.01,-0.14,0.092,1.193,25.6,50.4,51.0,798.0,-6.18,11.26,-204.12,3.44,-39.8,1.146496,0.004727,9132.31,185.044,0.0,7268.46,12346.0
Yes,48.0,0.15,0.26,-0.08,-0.69,0.534,0.936,35.66,251.8,6.0,894.0,-6.986,13.11,-0.1,61.37,-42.3,1.032051,0.002353,18515.6,313.037,0.0,11417.4,27722.0
Yes,54.0,0.27,-0.36,0.22,-0.45,6.155,0.841,460.43,1804.37,141.0,810.0,-6.355,2.38,0.0,179.51,-62.2,0.353658,0.000172,1464.33,50.3779,0.0,1695.34,8140.0
Yes,51.0,-0.04,0.3,-0.54,0.12,0.446,0.242,17.5,27.5,6.0,353.0,-3.524,3.16,0.0,26.61,-30.3,0.451219,0.003973,17378.7,113.599,4.9563,6380.68,23884.0
Yes,49.0,0.11,-0.1,0.19,-0.49,0.543,0.842,1556.06,5179.18,135.0,807.0,-5.643,4.69,0.0,82.82,-50.8,0.530864,0.001255,18099.5,153.708,3.10923,7875.51,8456.0
Yes,44.0,0.18,-0.1,0.37,-0.75,0.338,0.747,9.25,158.06,88.0,528.0,-5.932,7.35,-21.35,34.34,-44.1,0.472049,0.000644,15614.4,175.041,0.951284,7023.67,25853.0
Yes,51.0,0.19,0.14,0.19,-0.57,5.677,0.754,257.75,991.87,143.0,807.0,-6.945,6.06,0.0,208.27,-55.1,1.818181,0.001336,10893.2,641.589,0.0,17165.5,6192.0
Yes,47.0,0.09,-0.44,0.26,-0.42,5.623,0.719,3.75,43.81,6.0,695.0,-6.834,3.8,0.0,184.95,-43.8,0.882716,0.008344,249.58,12.9888,0.0,6857.16,24862.0
Yes,56.0,-0.9,-0.13,-0.18,-0.22,2.916,0.888,39.14,65.14,44.0,1616.0,-6.375,4.22,0.0,59.15,-19.5,0.706666,0.000127,3168.73,350.682,0.0,1500.12,21654.0
Yes,44.0,0.3,-0.37,-0.14,-1.12,0.338,1.062,21.25,233.25,69.0,543.0,-5.773,9.72,-21.33,32.2,-48.3,0.902439,0.002292,25214.9,191.597,0.0,10755.5,21854.0
Yes,48.0,-0.11,-0.41,0.54,-0.21,4.849,3.565,6.22,23.55,1.0,704.0,-4.221,1.74,0.0,104.05,-33.4,0.208333,0.001166,806.723,129.898,128.813,19.2936,6202.0
Yes,48.0,0.38,-0.38,-0.27,-0.55,8.882,9.481,13.33,26.22,1.0,387.0,-4.051,11.44,0.0,156.82,-30.4,0.083333,9e-06,64.5708,2762.82,0.0,0.0,22852.0
Yes,51.0,-0.66,0.1,0.17,-0.3,8.889,5.917,68.85,130.42,3.0,731.0,-5.889,5.44,0.0,175.79,-55.4,0.216216,9.9e-05,10.3646,1928.11,117.464,77.308,11023.0
Yes,60.0,0.45,-0.1,-0.29,-0.97,8.902,6.051,4130.0,432.57,2.0,2928.0,-5.586,1.32,-28.74,36.54,-31.4,0.297297,9e-06,249.582,0.0,0.0,997.333,13954.0
Yes,63.0,-0.2,-0.88,0.35,-0.5,8.533,3.058,4.1,0.9,1.0,811.0,-7.623,5.28,0.0,136.17,-39.5,0.148514,8e-06,2599.0,42.7703,0.0,2433.4,12359.0
Yes,52.0,0.25,-0.04,0.01,-0.92,2.691,2.316,78.0,21.42,1.0,1023.0,-5.46,4.59,0.0,18.88,-49.7,0.202531,4e-05,5.49789,24.6922,0.0,7.92795,422.0
Yes,56.0,-0.32,0.21,-0.41,-1.08,8.899,9.253,191.3,22332.0,1.0,11679.0,-6.156,2.29,-59.73,24.79,-67.5,0.1,1.1e-05,1382.11,153.815,7.88723,149.954,4503.0
Yes,38.0,0.32,-0.53,-1.27,-0.85,8.894,5.044,1994.5,649820.66,3.0,1963.0,-4.521,0.9,0.0,45.98,-8.6,0.276923,1.1e-05,8002.49,4393.5,574.354,7.09607,16041.0
Yes,33.0,0.51,0.1,-1.04,-0.1,7.968,5.343,738.16,43573.33,4.0,1958.0,-3.833,2.45,0.0,115.98,-15.1,0.342857,0.003295,10556.4,3872.98,584.421,3.0758,13706.0
Yes,41.0,0.5,0.31,-0.18,-0.63,8.894,5.886,4951.6,5902.6,2.0,1968.0,-5.102,1.87,0.0,95.74,-15.6,0.216666,1.2e-05,14475.2,3524.84,603.152,5.89162,25406.0
Yes,47.0,-0.05,0.3,0.01,-0.31,8.725,5.723,116.5,209.71,1.0,962.0,-5.787,3.58,0.0,163.08,-44.4,0.277777,0.023631,69.2525,230.442,0.0,40.5847,23759.0
Yes,64.0,0.23,0.08,0.43,-0.49,3.126,2.935,0.7,4.9,2.0,204.0,-4.341,14.77,0.0,111.09,-91.8,0.333333,3.8e-05,5.38423,0.0,0.0,15.8194,2072.0
Yes,35.0,-0.15,-0.1,0.4,-0.02,0.166,1.186,16.14,62.0,2.0,221.0,-3.488,5.92,-97.51,6.23,-39.7,0.220779,4.2e-05,5.70686,371.547,28.4061,2.83823,3436.0
Yes,56.0,0.3,-0.2,0.32,-0.75,3.293,2.041,9.18,27.63,2.0,1216.0,-3.934,6.25,0.0,95.23,-90.2,0.233333,0.001213,4307.54,340.426,58.1191,7.21575,27633.0
Yes,44.0,0.31,-0.78,0.33,-0.6,8.609,8.598,59.62,3322.12,2.0,1108.0,-3.983,1.0,0.0,66.82,-34.8,0.102272,1.3e-05,479.444,1448.59,0.0,7.60934,30608.0
Yes,39.0,0.03,0.0,0.3,-0.68,8.462,8.4,9.5,22419.25,2.0,1115.0,-3.518,0.69,-5.36,44.78,-31.1,0.049382,9e-06,882.06,1629.84,0.0,0.862764,18312.0
Yes,41.0,-0.33,-0.56,-0.16,-0.48,8.653,6.619,128.25,776.62,1.0,2046.0,-3.741,4.75,-0.68,91.43,-38.4,0.164705,1.5e-05,162.046,560.921,10.897,0.483418,17569.0
Yes,70.0,-1.19,-0.04,0.35,-0.38,8.394,9.92,96.28,441.85,1.0,3221.0,-5.633,2.99,0.0,57.94,-38.8,0.265822,0.003874,200.419,2609.93,853.486,44.4073,315.0
Yes,35.0,0.23,-0.11,-0.21,-0.2,1.875,1.706,0.42,0.28,4.0,926.0,-4.029,7.2,-19.59,12.34,-41.7,0.278481,1.7e-05,10.6464,0.0,15.4113,0.999126,31185.0
Yes,37.0,0.36,-0.39,-0.01,-0.5,2.334,2.132,29.84,107.63,1.0,817.0,-4.225,0.51,0.0,136.76,-48.1,0.45641,0.012936,306.531,2479.82,29.2531,6.11788,18681.0
Yes,49.0,0.17,0.44,-0.48,-0.58,1.499,2.21,0.33,0.77,1.0,1108.0,-4.301,3.868,0.0,69.96,-36.9,0.23,0.000155,33.2584,2.98123,0.0,0.0,32125.0
Yes,49.0,0.54,-0.14,-0.01,-1.63,6.07,3.346,0.85,1.0,1.0,550.0,-5.129,2.58,0.0,102.52,-22.7,0.25641,0.01385,218.139,0.0,0.0,22.1288,22388.0
Yes,39.0,-0.21,-1.05,0.53,-1.16,1.222,2.295,0.5,0.37,1.0,1335.0,-5.19,6.31,0.0,26.46,-49.1,0.197674,0.006244,0.0,0.0,0.0,0.86836,21506.0
Yes,79.0,0.03,0.22,0.0,0.21,2.403,2.196,6.28,14.85,1.0,8321.0,-4.765,2.34,0.0,77.32,-49.1,0.2375,1e-05,3924.83,20.4911,44.6927,7478.85,24701.0
Yes,37.0,-1.03,0.93,-0.07,-0.59,1.884,2.292,35.66,18.66,852.0,744.0,-4.011,7.96,-30.73,21.87,-40.2,0.175257,0.003034,74.4845,11.2663,12.8985,0.0,12846.0
Yes,53.0,0.2,0.21,-0.2,-1.59,1.731,2.49,44.33,67.33,1.0,676.0,-5.317,2.67,0.0,85.52,-26.6,0.223404,0.028828,221.67,271.884,35.5592,301.761,12404.0
Yes,27.0,0.36,0.46,-0.52,-1.01,0.586,0.365,17.87,62.25,1.0,787.0,-2.196,7.7,-47.7,24.26,-31.1,0.240963,5.6e-05,307.874,102.343,196.371,363.045,25513.0
Yes,61.0,-0.07,0.01,0.25,-0.41,1.452,2.838,4.0,69.63,1.0,1487.0,-6.23,7.33,-4.15,52.82,-47.4,0.210084,0.000155,0.0,0.0,0.0,22.1253,7503.0
Yes,51.0,0.4,-0.12,-0.02,-0.58,0.338,0.995,0.52,0.21,30.0,73.0,-6.682,5.9,-21.09,14.69,-62.0,0.246073,0.001053,4196.24,24.6974,0.0,62.5661,26866.0
Yes,43.0,0.57,-0.52,0.22,-0.27,0.166,1.419,2.71,3.28,6.0,1125.0,-2.394,7.97,-130.5,6.43,-48.4,0.173333,7.8e-05,11.0459,0.0,0.0,21.7508,3463.0
Yes,50.0,0.1,-0.01,-0.21,-1.38,8.691,6.442,16.6,22.9,5.0,1795.0,-6.575,3.44,0.0,285.55,-70.2,0.245098,0.001345,25.8776,635.011,115.431,110.792,9222.0
Yes,52.0,0.11,-0.05,-0.11,-1.63,8.691,6.668,5.6,5.6,5.0,1811.0,-6.021,2.42,0.0,285.53,-75.1,0.196078,0.000509,11.9532,675.864,69.5131,4.63831,7264.0
Yes,39.0,0.27,-0.16,-1.09,-0.88,8.83,7.326,1897.16,11652.83,1.0,2770.0,-3.321,2.67,-11.38,28.86,-16.0,0.164179,2.7e-05,80.9029,3012.14,12.7369,0.0,6686.0
Yes,54.0,0.58,0.4,-0.32,-1.96,7.085,6.9,10.4,9.8,2.0,1853.0,-4.948,0.63,0.0,75.01,-19.3,0.220338,1.2e-05,633.075,1222.42,0.0,552.738,25458.0
Yes,38.0,-0.06,-0.56,-0.37,-0.02,3.002,1.76,10.11,13.44,1.0,739.0,-6.034,6.78,0.0,8.75,-45.0,0.291666,1.7e-05,0.940081,95.2396,6.27936,0.11424,13808.0
Yes,29.0,0.49,0.32,-1.46,-1.36,1.554,2.32,1.28,2.42,2.0,670.0,-1.695,3.99,-13.99,19.01,-47.2,0.32,0.000573,56.8309,0.0,0.0,0.0,12898.0
Yes,56.0,-0.22,0.4,0.04,-0.34,2.309,1.537,4.75,7.25,1.0,592.0,-4.089,1.12,0.0,38.3,-51.5,0.223529,3.9e-05,55.936,45.0211,3.30477,0.0,31950.0
Yes,51.0,0.15,0.26,-0.74,-1.12,8.868,9.485,104.37,112.12,1.0,387.0,-3.718,27.07,-8.61,102.99,-34.0,0.144444,1.5e-05,143.282,500.599,0.0,75.1131,3389.0
Yes,41.0,-0.17,0.28,0.41,-0.54,8.89,6.965,1026.92,471.5,3.0,402.0,-4.906,2.73,0.0,182.65,-42.0,0.156462,3.1e-05,33.8393,2034.53,0.0,2.8684,15052.0
Yes,48.0,-0.14,-0.35,0.47,0.1,1.882,1.04,4.88,1.22,2.0,320.0,-4.528,2.84,0.0,26.01,-56.9,0.210526,0.000356,45.2229,0.0,0.0,53.9416,3264.0
Yes,56.0,-1.07,0.4,-0.02,-1.28,7.01,4.489,2.14,0.71,1.0,985.0,-2.087,4.65,0.0,73.23,-47.4,0.220779,0.00015,100.234,0.0,0.0,57.7727,9263.0
Yes,60.0,-0.03,0.02,0.07,-1.65,4.421,1.432,3.9,4.22,1.0,1333.0,-6.253,3.97,0.0,114.33,-97.7,0.198198,0.000256,656.851,197.636,146.545,767.9,14617.0
Yes,61.0,-0.02,-0.38,0.28,-1.8,6.991,4.698,30.14,29.57,1.0,1827.0,-4.861,3.25,0.0,102.57,-34.6,0.346666,0.003069,16165.2,559.926,220.068,11645.2,31080.0
Yes,40.0,0.49,0.86,-1.09,-1.0,3.626,2.611,49.0,612.8,1.0,140.0,-5.442,4.26,0.0,97.83,-9.3,0.241379,2.6e-05,47.8712,39.9873,18.8547,0.659223,25753.0
Yes,57.0,0.18,-0.18,0.25,-2.12,2.758,1.694,19.5,42.62,1.0,5903.0,-7.024,1.0,0.0,75.74,-33.6,0.272727,0.000303,203.071,621.304,250.509,49.6431,14851.0
Yes,45.0,0.07,-0.39,0.81,-1.26,0.34,1.193,25.0,157.37,1.0,620.0,-3.499,12.33,-62.33,19.24,-37.5,0.253012,2.5e-05,0.0,14.3238,9.21987,0.0,26446.0
Yes,68.0,-0.76,0.09,-0.04,-1.5,4.129,3.528,38.57,48.0,1.0,13412.0,-3.727,3.2640000000000002,0.0,72.95,-37.5,0.342105,0.000874,30.9908,229.064,3.46328,10.2562,32180.0
Yes,60.0,0.01,-0.11,0.06,-1.12,1.266,2.516,22.5,205.35,2.0,6870.0,-6.65,5.476,0.0,76.04,-61.8,0.232876,0.000198,550.324,0.0,0.0,92.0023,28073.0
Yes,65.0,0.12,-0.03,0.39,-1.8,8.87,5.003,55.14,72.14,1.0,2304.0,-5.39,7.74,-1.84,105.95,-42.5,0.2,2.7e-05,12675.2,245.611,281.853,7091.8,21538.0
Yes,47.0,0.87,-0.22,-1.89,-2.83,0.574,2.077,2.12,0.37,770.0,1243.0,-4.575,1.98,0.0,29.64,-27.3,0.329545,0.00507,80.9119,1.68396,0.0,57.527,1413.0
Yes,41.0,-0.08,0.59,-0.22,-0.48,2.178,2.139,2.25,2.25,1.0,1085.0,-3.182,3.45,0.0,90.0,-23.9,0.255813,4.9e-05,0.0,0.0,0.0,0.0,20809.0
Yes,41.0,-0.25,0.31,-0.01,-0.45,2.921,1.064,5.66,11.22,2.0,385.0,-3.506,4.33,-35.25,18.2,-56.8,0.21875,3.3e-05,0.493791,209.236,22.7619,0.0,17694.0
Yes,49.0,-0.19,-0.92,0.41,-0.4,1.009,0.329,24.11,191.23,1.0,581.0,-5.746,3.33,0.0,42.68,-54.2,0.239766,0.000741,24.7484,0.0,0.0,0.073183,2353.0
Yes,45.0,0.79,-2.0,-0.48,-2.45,3.63,1.429,39.83,290.16,1.0,958.0,-4.406,2.43,0.0,85.25,-15.2,0.245901,0.029948,11591.3,493.148,407.334,534.05,8082.0
Yes,29.0,0.43,-0.62,0.53,-0.54,0.574,1.985,14.8,2.9,2.0,1874.0,-4.998,2.16,-14.6,23.06,-22.5,0.238532,0.008908,0.0,2.86948,0.0,0.0,25943.0
Yes,50.0,-1.53,0.75,-0.55,-0.35,8.898,5.653,5750.12,10471.62,1.0,3735.0,-3.859,4.23,-36.03,43.75,-42.2,0.078651,1.4e-05,1014.15,287.321,206.59,355.861,5964.0
Yes,54.0,-0.46,-0.34,0.03,0.05,5.859,2.256,756.14,15358.71,5.0,523.0,-6.184,0.87,-11.59,24.44,-24.5,1.013698,2.9e-05,10385.3,1285.42,0.0,12499.1,12535.0
Yes,48.0,0.01,-1.52,0.73,-0.7,2.555,2.889,29.37,20.62,2.0,503.0,-1.795,6.86,0.0,16.99,-47.2,0.219512,0.000106,17.5136,2450.08,0.0,0.0,22370.0
Yes,64.0,-0.09,-0.29,0.44,-0.49,8.834,6.258,8138.07,674.92,1.0,1291.0,-6.269,6.88,0.0,196.38,-60.1,0.342281,0.000686,12246.5,1198.07,438.792,8383.72,12610.0
Yes,44.0,0.57,-0.55,-1.36,-1.03,6.992,4.623,77632.83,174814.83,2.0,4043.0,-4.176,1.13,-3.05,74.3,-17.6,0.308823,0.000128,5768.84,4802.17,724.331,173.685,4136.0
Yes,40.0,1.14,-0.35,-0.74,-1.74,7.023,5.324,25609.83,298697.83,1.0,4041.0,-4.297,2.62,0.0,196.29,-13.3,0.385714,2.1e-05,6846.59,4843.73,755.991,45.0432,31367.0
Yes,36.0,0.78,-0.6,-1.24,-0.5,7.386,5.752,406143.5,157412.33,1.0,4046.0,-5.48,5.78,0.0,82.99,-6.9,0.338461,0.000161,7318.21,4658.95,759.634,54.5966,8476.0
Yes,44.0,0.96,-1.08,-0.23,-0.31,8.863,4.537,31910.33,23027.66,1.0,4044.0,-5.303,5.73,-0.93,133.83,-14.5,0.492537,0.00275,12030.4,2630.16,804.111,5817.78,2311.0
Yes,76.0,-0.44,-0.13,0.15,-0.09,8.637,9.642,6.9,51.3,1.0,1301.0,-4.836,3.25,0.0,94.71,-57.7,0.441176,4.6e-05,23.8197,1643.83,5.4543,41.3314,31963.0
Yes,62.0,0.44,-0.17,-0.22,-0.44,3.144,1.892,29.5,118.87,1.0,447.0,-5.729,0.7,0.0,67.62,-30.7,0.294117,0.000114,1108.56,1861.5,40.4317,387.19,14187.0
Yes,51.0,-0.1,0.37,-0.16,-1.63,0.99,2.172,6.62,20.12,17.0,4329.0,-2.815,5.89,-2.78,39.57,-46.8,0.337349,3e-05,26.354,1134.37,8.06144,0.0,9164.0
Yes,45.0,0.35,-1.58,0.17,-0.5,2.624,2.539,14.44,11.22,2.0,3025.0,-4.19,1.93,0.0,98.64,-52.4,0.191919,3e-05,167.537,7.4341,0.0,218.458,910.0
Yes,46.0,0.66,-0.13,-0.41,-0.9,8.89,7.228,401.42,1351.28,1.0,1381.0,-4.44,3.06,0.0,152.03,-46.1,0.277027,0.000196,14992.4,2503.68,784.159,2755.49,30107.0
Yes,47.0,0.59,-0.37,-0.82,-1.4,8.881,9.754,505.5,11510.0,1.0,1189.0,-4.514,4.97,-1.57,111.97,-44.0,0.232876,4.4e-05,1453.41,5077.41,722.532,41.7889,11617.0
Yes,42.0,0.24,0.22,0.03,-0.79,2.01,1.907,0.88,0.44,1.0,286.0,-4.552,2.47,0.0,85.16,-31.9,0.21875,0.001052,0.0,0.0,0.0,2.92208,8233.0
Yes,38.0,-0.18,0.35,0.47,-0.37,2.028,1.271,2.37,1.5,1.0,746.0,-2.12,7.53,-18.31,10.46,-46.2,0.285714,3.9e-05,27.7913,0.0,0.0,3.65936,16312.0
Yes,30.0,0.05,-1.22,-0.22,-0.76,5.258,2.317,1.28,0.71,1.0,1062.0,-2.532,3.96,0.0,122.43,-32.4,0.093333,1.5e-05,225.864,0.0,0.0,3.06178,31599.0
Yes,60.0,0.36,-0.19,0.36,-1.1,8.876,8.968,18.85,67.42,1.0,720.0,-6.5,2.39,0.0,116.85,-30.4,0.175,2.1e-05,498.346,1401.57,25.4915,313.43,23751.0
Yes,76.0,-0.52,0.31,-0.15,-0.93,6.475,4.08,22.71,20.28,1.0,4741.0,-4.768,3.6,0.0,106.77,-37.2,0.2125,2.3e-05,16381.5,179.455,71.6558,2200.92,20108.0
Yes,45.0,-0.85,-0.37,-0.43,0.4,8.903,9.602,68802.14,76791.71,2.0,3767.0,-3.961,10.3,-27.14,52.44,-25.7,0.2125,2e-05,824.212,278.142,237.22,1.13254,19107.0
Yes,56.0,0.38,-0.64,0.2,-0.61,2.695,3.171,30.07,489.5,1.0,2841.0,-6.721,6.2,0.0,85.96,-47.3,0.217687,0.028834,80.1904,55.3482,0.0,4299.04,19064.0
Yes,45.0,0.06,-0.16,0.19,-0.44,8.87,7.819,5264.36,428.03,1.0,1435.0,-6.548,4.23,-0.83,214.88,-126.0,0.18429,0.002726,71.0878,2156.78,97.1766,0.411472,11074.0
Yes,42.0,-0.25,0.4,0.17,0.03,8.873,4.696,950.16,12598.16,134.0,1473.0,-4.88,5.41,-3.29,98.66,-17.2,2.555555,0.003248,21510.6,672.649,0.0,8794.73,15685.0
Yes,56.0,-0.62,-0.71,0.43,-0.16,8.608,4.348,2352.44,125684.22,1.0,4275.0,-3.289,6.07,-41.24,89.64,-49.0,0.210526,2.2e-05,6704.64,439.602,123.028,28.6235,4728.0
Yes,57.0,0.03,0.03,0.21,-0.38,8.813,4.941,415.85,519.0,1.0,1446.0,-6.869,4.88,0.0,203.8,-104.5,0.199261,0.00012,1917.45,3194.13,358.114,10.2049,31370.0
Yes,60.0,-0.49,0.55,-0.16,-1.23,3.198,2.176,19.5,38.5,1.0,1440.0,-4.624,1.82,0.0,93.42,-42.2,0.177777,1.1e-05,343.186,368.018,61.0888,360.953,25298.0
Yes,42.0,-0.02,-0.59,0.08,-0.69,1.006,0.703,2.62,1.62,102.0,178.0,-2.761,4.09,-2.2,29.65,-43.3,0.154761,0.068407,511.648,0.0,0.0,4.92297,12012.0
Yes,37.0,0.99,-0.75,0.45,-0.52,7.247,8.604,225.57,152.47,1.0,211.0,-6.648,4.04,0.0,184.69,-47.03,0.25,3.2e-05,87.4464,1045.05,18.1065,0.795953,9104.0
Yes,48.0,0.13,0.19,-0.17,-1.02,8.868,9.481,1117.5,937.1,1.0,44723.0,-3.822,1.77,-42.78,45.92,-50.8,0.236363,0.013279,698.705,16.0161,107.477,0.923704,14121.0
Yes,36.0,0.75,-0.7,-0.2,-0.16,2.513,2.157,10.42,13.42,1.0,735.0,-4.07,2.2,0.0,82.95,-24.8,0.223684,9e-06,0.0,173.378,0.0,38.7802,32357.0
Yes,46.0,0.61,-0.38,-0.16,-0.77,4.144,2.905,34.73,10.0,1.0,885.0,-5.937,4.63,0.0,125.71,-52.3,0.305194,0.000507,356.764,8.60554,335.603,120.754,18182.0
Yes,54.0,-0.15,-0.6,0.05,-0.76,1.982,1.384,2.85,1.71,45.0,1845.0,-4.811,4.44,0.0,33.01,-25.0,0.150684,0.020043,9.42854,0.0,0.0,0.0,10126.0
Yes,53.0,-0.26,-0.76,0.57,0.34,8.661,3.841,98.37,3.25,1.0,770.0,-2.717,6.27,-27.95,29.23,-37.4,0.231707,1.2e-05,0.0,0.0,0.0,126.06,9871.0
Yes,41.0,-0.39,-0.59,-0.59,-0.22,8.903,4.339,8.5,15.5,1.0,1269.0,-3.837,4.25,0.0,142.74,-35.9,0.262295,0.021987,148.904,497.565,2.62395,35.6427,6175.0
Yes,39.0,0.16,-0.09,-0.49,-0.66,8.629,9.178,173.88,135.04,1.0,636.0,-4.47,7.75,0.0,178.74,-78.8,0.203187,0.000981,58.9383,3676.24,205.234,0.240351,2321.0
Yes,70.0,0.44,-0.2,0.11,-1.94,8.878,8.831,233.07,1089.76,2.0,4611.0,-7.326,5.09,-1.34,164.85,-56.2,0.374045,0.003777,20084.4,879.495,651.908,8612.22,17841.0
Yes,83.0,0.36,-0.06,0.15,-0.42,7.914,3.165,4.87,7.75,1.0,328.0,-6.998,1.57,0.0,106.93,-59.3,0.382022,0.000771,257.805,0.0,0.349946,931.449,24709.0
Yes,28.0,-0.14,0.1,0.16,-0.16,3.829,2.477,3.85,0.42,771.0,180.0,-2.645,2.84,0.0,105.63,-43.1,0.160839,0.001153,0.854635,0.0,0.0,0.0,124.0
Yes,39.0,0.16,-0.81,0.8,-0.48,3.433,1.837,11.63,36.81,1.0,4628.0,-6.164,2.6,0.0,85.62,-39.0,0.238938,0.000269,28904.3,960.482,245.533,58.4876,12190.0
Yes,54.0,0.54,-0.81,0.41,-0.5,2.286,2.174,5.25,1.62,1.0,1394.0,-5.212,3.0860000000000003,0.0,121.69,-34.5,0.264367,0.010124,6.06094,17.3965,0.0,0.250442,6512.0
Yes,50.0,0.54,-0.26,-0.32,-1.62,2.139,0.608,0.87,0.87,3.0,326.0,-4.269,6.59,-19.19,42.06,-29.5,0.207317,5.5e-05,13.3373,0.0,0.0,0.0807837,19938.0
Yes,42.0,-1.0,0.68,0.06,-0.41,8.872,8.778,1076.0,108666.62,1.0,2121.0,-3.775,0.94,-23.13,34.14,-30.5,0.108433,1.1e-05,2.65486,304.027,154.899,0.0190015,335.0
Yes,32.0,-0.21,-0.49,0.07,0.03,8.651,5.386,4.28,11.28,1.0,1392.0,-5.024,3.87,0.0,113.99,-19.1,0.194805,6.9e-05,10.4036,20.1839,0.0,0.0841773,4327.0
Yes,35.0,-0.0,-0.3,0.22,-0.16,2.782,2.093,0.55,0.33,1.0,661.0,-4.502,3.93,-4.29,26.53,-32.3,0.315789,0.022144,5.50829,4.90828,0.0,3.56817,13781.0
Yes,33.0,-2.89,0.92,0.16,-0.25,1.288,1.766,0.77,0.0,2397.0,264.0,-0.868,6.85,-41.37,10.64,-57.4,0.25,1.8e-05,11.3769,0.0,0.0,0.128352,31950.0
Yes,42.0,-0.7,0.81,-0.94,-0.38,8.903,9.602,232.0,260.0,1.0,7130.0,-2.275,0.85,-23.14,66.39,-38.7,0.109756,1.6e-05,735.24,2382.48,626.982,0.833316,4305.0
Yes,48.0,-0.49,-0.1,0.08,-0.41,8.899,9.602,47010.85,19866.71,1.0,7134.0,-3.294,3.64,-31.51,46.39,-35.5,0.205128,0.001349,610.842,2532.41,632.833,2.23251,23293.0
Yes,45.0,0.54,-0.13,-2.2,-1.08,0.586,1.93,111.0,798.5,2.0,1405.0,-6.288,5.43,-3.35,23.17,-9.5,0.231884,1.3e-05,0.0,0.0,0.0,0.0,30543.0
Yes,45.0,0.01,0.34,0.43,-0.95,6.955,5.175,44.64,81.14,2.0,315.0,-5.954,3.2,0.0,128.38,-49.7,0.195945,7.6e-05,11.9517,1709.68,125.134,0.0,8663.0
Yes,63.0,0.37,-0.38,0.26,-0.83,8.547,8.902,59833.52,47846.35,3.0,426.0,-7.142,4.83,-0.21,230.63,-167.0,0.97076,0.000912,13690.9,465.598,0.0,18855.6,13995.0
Yes,54.0,0.4,-0.12,-0.05,-0.27,4.906,1.042,34.0,1422.33,29.0,3022.0,-4.989,8.83,0.0,91.41,-33.2,0.542553,0.004065,10.9567,3.30807,0.0,11.8758,2791.0
Yes,37.0,0.53,-0.85,0.04,-0.6,5.856,4.12,4.35,1.11,1.0,600.0,-6.09,4.23,0.0,153.5,-37.8,0.214689,0.009552,168.84,0.0,0.0,0.0359601,4763.0
Yes,62.0,-0.07,-0.04,0.02,-0.05,8.736,5.167,650211.55,521415.17,306523.0,1714.0,-7.118,0.44,0.0,152.99,-136.0,0.752508,4e-05,16685.2,1475.7,0.0,10914.9,6896.0
Yes,62.0,0.03,-0.06,0.02,-0.23,5.936,3.326,26900.58,72460.75,292595.0,402.0,-7.499,2.55,-0.01,167.85,-130.8,0.28428,0.01117,6026.7,68.0015,0.0,2375.6,28561.0
Yes,62.0,-0.02,-0.04,-0.02,-0.04,8.395,3.841,960476.79,485623.65,301505.0,2011.0,-6.711,2.21,0.0,149.71,-135.0,0.625418,9.7e-05,11211.3,919.075,0.0,9180.92,7192.0
Yes,38.0,0.41,-1.05,0.2,-0.49,1.587,0.329,119.77,67.66,76.0,423.0,-3.046,3.27,-16.55,13.33,-59.3,0.163043,3.5e-05,75.0035,862.011,26.7842,17.4035,17639.0
Yes,41.0,0.85,-2.08,0.99,-1.37,2.293,3.387,29.37,11.0,1.0,375.0,-1.894,7.955999999999999,0.0,131.92,-33.3,0.308641,0.008619,567.618,151.655,24.9097,45.9776,8763.0
Yes,47.0,0.34,-1.54,0.72,0.23,1.107,1.325,67.12,738.25,2.0,1463.0,-2.77,5.25,-3.65,23.58,-75.0,0.258823,2.5e-05,519.677,32.6175,92.9028,2149.7,7128.0
Yes,53.0,0.37,-0.42,0.02,-0.17,3.968,2.969,35.16,625.83,1.0,671.0,-4.631,0.77,0.0,91.07,-18.4,0.171875,2.8e-05,0.0,130.168,3.21017,0.0,17272.0
Yes,44.0,0.11,-0.6,0.28,-0.32,0.34,0.922,1161.71,668.14,42.0,52.0,-5.028,6.3,-0.26,8.71,-21.1,0.379746,7.6e-05,1.64558,1.67601,2.03568,0.055461,27593.0
Yes,47.0,0.1,0.29,-0.52,-0.52,8.757,7.143,838.07,784.96,1.0,567.0,-7.312,3.68,0.0,254.7,-91.7,0.268115,0.005484,7426.85,361.754,598.578,138.913,6153.0
Yes,49.0,-0.04,-0.45,0.46,-0.57,8.028,3.47,688.44,10626.22,1.0,222.0,-3.372,4.91,-41.13,67.12,-47.7,0.181818,1.7e-05,2641.14,1384.16,54.096,8.89922,27769.0
Yes,60.0,0.13,-0.45,0.35,-0.31,8.489,4.198,696.88,31.11,1.0,5150.0,-5.17,2.72,-1.19,99.98,-51.9,0.173469,0.000977,2969.74,21.643,56.356,1.24197,13111.0
Yes,54.0,0.54,-0.86,-0.0,-0.6,8.88,7.0,1525.44,177.66,1.0,8252.0,-5.56,17.27,-33.9,66.2,-38.4,0.096774,8e-06,20.9278,187.902,11.9457,3.85171,16128.0
Yes,32.0,0.41,-0.45,-0.73,-0.53,3.572,2.735,341.83,41.16,1.0,1329.0,-5.536,3.97,0.0,81.03,-6.3,0.144927,0.000312,0.0,11.2187,11.7549,0.0,21571.0
Yes,44.0,0.59,-1.09,-0.14,-0.39,0.34,1.73,571.0,63.16,4.0,6081.0,-5.661,17.19,-71.83,19.3,-13.8,0.271428,3.3e-05,19.7569,9.06039,0.0,152.394,7322.0
Yes,47.0,0.23,-1.25,-0.0,-0.58,0.902,1.549,2065.33,42.66,3.0,3599.0,-4.714,7.43,-8.81,29.47,-19.1,0.242857,0.001378,26.3043,25.7662,0.0,1.77425,24453.0
Yes,45.0,0.13,-1.15,-0.27,-0.63,0.586,1.497,210.83,32.0,4.0,4889.0,-4.775,12.2,-19.63,25.36,-14.8,0.385714,9.5e-05,932.737,46.0492,0.0,304.525,23458.0
Yes,43.0,0.52,-0.97,-0.27,-0.18,0.586,2.687,599.66,75.16,5.0,4889.0,-5.427,7.45,-20.59,29.55,-10.6,0.171428,1.1e-05,828.644,25.8067,0.0,27.742,20610.0
Yes,49.0,0.44,-0.03,-0.56,-0.19,8.87,3.776,209.75,24.62,2.0,7967.0,-4.312,4.13,-28.89,27.68,-29.6,0.181818,1.6e-05,6.78889,137.087,14.6953,10.056,5494.0
Yes,38.0,-0.11,0.07,0.0,-0.57,8.37,3.776,2047.25,215.12,1.0,1186.0,-2.138,5.57,-8.68,54.77,-36.0,0.207317,0.000108,3.63461,90.0321,8.45383,15.7645,13360.0
Yes,35.0,-0.21,-0.97,0.29,-0.33,8.024,3.702,200.55,6486.0,2.0,4384.0,-4.62,5.08,-7.67,103.97,-33.6,0.15,1.2e-05,53.5884,123.43,0.0,4.30768,30683.0
Yes,39.0,0.37,-0.36,0.41,-0.03,5.312,3.841,137.0,88.87,1.0,4451.0,-2.312,1.76,0.0,56.64,-35.3,0.232558,1.7e-05,11.0922,99.3683,0.0,0.808447,25296.0
Yes,44.0,-0.17,-1.31,0.21,-0.5,8.462,3.717,9058.0,195.75,2.0,6544.0,-3.911,2.13,-31.91,48.72,-34.1,0.154761,0.000282,3.24872,123.98,4.17852,0.477848,13283.0
Yes,36.0,0.18,0.38,0.31,-1.04,8.751,3.717,17.66,7.11,237.0,3557.0,-6.229,1.56,0.0,71.09,-32.4,0.131868,2e-05,0.0,82.0584,0.0,0.0,19986.0
Yes,54.0,-0.23,-0.76,0.32,-2.5,6.755,3.756,1430.5,17.75,1.0,3939.0,-3.349,3.2,0.0,94.1,-29.8,0.166666,8.4e-05,23.2691,129.92,2.12702,14.7619,21875.0
Yes,41.0,0.5,-0.47,-0.56,-0.19,8.849,3.831,128652.71,48.85,1.0,3943.0,-1.125,5.07,-28.68,38.86,-35.9,0.25,6.1e-05,54.918,106.587,0.0,21.2695,27681.0
Yes,37.0,0.52,-0.83,-0.17,-0.12,8.685,3.841,147.0,10.0,1.0,3945.0,-2.994,2.69,0.0,98.14,-23.0,0.294871,0.003056,98.7507,80.2373,0.0,5.88238,28786.0
Yes,53.0,0.31,-1.06,0.4,-0.61,2.316,2.962,2.37,3.62,1.0,3185.0,-4.489,3.8560000000000003,0.0,100.33,-33.3,0.313253,0.004747,726.416,0.0,0.0,38.5745,27023.0
Yes,32.0,-0.53,0.1,-0.86,-0.41,0.264,0.064,7.42,2.0,24.0,457.0,-2.848,13.56,-23.45,24.96,-32.6,0.506666,0.005451,0.0,0.0,0.0,0.0,18272.0
Yes,31.0,0.61,-0.65,0.39,0.03,3.156,2.012,1.66,3.44,28.0,45.0,-5.088,4.74,0.0,49.79,-47.4,0.074468,8e-06,0.0,0.0,0.0,0.0,6642.0
Yes,41.0,0.6,0.14,-1.51,-0.76,5.494,2.439,11086.16,154061.66,2.0,1509.0,-4.921,7.67,0.0,99.86,-13.1,0.298507,1.9e-05,22.4713,1356.35,91.951,81.5011,15831.0
Yes,41.0,0.64,0.14,-0.02,-1.26,3.398,2.005,244.33,45.5,1.0,1811.0,-4.822,1.53,0.0,75.6,-14.0,0.231884,0.000591,33.271,1364.93,116.514,5.07368,22610.0
Yes,46.0,0.89,-1.08,-0.18,-1.57,7.907,2.706,23285.83,60.0,2.0,903.0,-5.962,2.58,0.0,92.25,-16.3,0.134328,1.2e-05,0.0,965.491,0.0,0.0,621.0
Yes,27.0,0.28,-0.83,0.54,-0.15,0.322,1.725,25.0,1.4,1.0,1650.0,-3.976,5.26,-66.43,17.48,-9.5,0.26415,0.000346,0.0,1.89028,0.0,0.0,16201.0
Yes,32.0,-0.31,1.18,0.03,-0.16,1.807,1.378,119.0,2.66,10.0,3878.0,-3.822,5.09,0.0,36.94,-2.8,0.151515,5.5e-05,0.0,6.50196,0.0,0.0,27487.0
Yes,58.0,-0.47,-0.06,0.39,-1.49,8.886,9.552,123.2,741.6,4.0,655.0,-6.401,4.74,-13.24,82.94,-45.5,0.172727,0.000163,3.06298,23.4783,0.0,1.75564,22192.0
Yes,35.0,0.27,-0.11,-0.93,-0.15,2.901,2.262,7.2,6.3,1.0,944.0,-4.06,7.48,0.0,72.54,-43.7,0.229357,2.3e-05,0.0,960.725,0.0,0.237869,16587.0
Yes,39.0,-0.24,0.37,0.29,-0.29,8.663,8.122,11.57,82.71,3.0,715.0,-3.141,1.45,-0.67,85.27,-28.4,0.2,7e-05,70.3716,19.5636,0.0,0.299569,15355.0
Yes,52.0,0.12,-1.63,0.83,-0.77,1.162,1.827,55.85,10.71,1.0,2616.0,-5.685,5.56,0.0,81.75,-46.9,0.346666,3e-05,35.4619,23.5305,0.0,0.118285,5818.0
Yes,41.0,-0.39,0.07,0.31,0.1,7.933,3.772,219.11,440.33,1.0,1871.0,-3.828,2.41,0.0,50.27,-35.6,0.242105,3e-05,613.379,282.149,3.11175,984.723,15669.0
Yes,48.0,-0.27,0.46,-0.26,-0.49,3.136,2.557,2.75,2.08,1.0,1335.0,-3.862,1.86,0.0,99.12,-38.9,0.24031,2e-05,831.512,39.5074,86.2427,27.9061,10340.0
Yes,36.0,-0.61,0.66,0.39,-1.29,1.815,1.968,13.5,15.0,2.0,269.0,-3.741,9.2,-13.96,31.09,-57.1,0.367816,0.014114,1.79328,470.416,0.0,0.0,8725.0
Yes,33.0,0.7,-1.42,-0.5,-1.42,8.605,6.25,685.5,2863.0,3.0,697.0,-3.227,4.72,0.0,108.26,-13.8,0.343283,0.002471,1576.42,3629.99,697.818,0.0,12161.0
Yes,34.0,0.67,-1.53,-0.13,-1.51,8.637,5.865,6507.83,2470.33,2.0,636.0,-3.296,4.38,0.0,66.48,-13.4,0.314285,1.7e-05,2722.28,3454.81,840.738,0.0,2396.0
Yes,41.0,0.7,-1.96,-0.45,-1.77,8.643,5.895,58199.33,57365.66,1.0,1399.0,-5.545,2.24,0.0,33.07,-9.9,0.3,0.002734,8336.59,3366.01,916.696,24.5732,27233.0
Yes,55.0,-0.18,-0.41,0.44,-0.23,4.622,2.925,19.28,199.85,2.0,4087.0,-4.556,4.91,0.0,121.04,-34.0,0.210526,1.5e-05,501.495,986.765,9.2548,1.78803,11877.0
Yes,55.0,0.22,-0.54,0.62,-0.47,4.454,2.697,8.62,22.12,1.0,2190.0,-4.558,5.15,0.0,101.22,-41.3,0.209302,0.024155,13298.1,456.926,405.029,497.782,25225.0
Yes,66.0,-0.12,-0.07,0.36,-0.94,2.933,1.426,1.1,2.6,5.0,4034.0,-6.14,0.92,0.0,76.18,-52.6,0.217821,3.5e-05,69.9539,6.66286,0.0,73.5978,17430.0
Yes,48.0,0.39,-0.97,-0.14,-0.4,8.096,5.918,82.12,4.5,1.0,1694.0,-3.959,3.04,-2.08,69.26,-37.7,0.190476,0.000709,12.5869,4.20254,0.0,53.8561,32672.0
Yes,58.0,-0.15,0.04,0.22,-1.74,8.557,8.341,9.46,8.84,1.0,3289.0,-5.46,3.98,0.0,91.74,-54.3,0.19708,4.1e-05,746.075,338.985,4.34429,13.4306,27402.0
Yes,31.0,-0.94,-0.04,0.83,-0.44,0.545,0.208,0.22,0.66,1794.0,704.0,-2.743,11.54,-12.75,23.82,-32.1,0.229166,0.065997,170.253,3.29455,0.0,209.592,25073.0
Yes,47.0,-0.28,-0.06,0.3,-0.36,8.483,4.959,286.42,440.42,2.0,929.0,-4.981,10.37,-0.51,86.1,-33.7,0.358974,0.000104,120.414,35.6891,0.0,3.52356,7235.0
Yes,45.0,-0.1,0.35,0.01,-0.09,4.977,2.359,7.62,13.12,1.0,77.0,-4.851,4.32,0.0,120.17,-34.0,0.160919,1.4e-05,1350.2,225.51,346.101,103.679,12134.0
Yes,71.0,0.04,-0.21,0.18,-0.32,8.661,6.136,43.42,41.14,1.0,10798.0,-5.985,4.01,0.0,106.62,-40.8,0.701298,0.009004,25497.0,812.051,147.126,23462.5,31924.0
Yes,74.0,-0.32,-0.38,0.59,-0.24,2.131,2.743,10.37,22.5,1.0,1313.0,-5.492,13.51,-14.15,21.09,-51.9,0.4,0.006988,211.129,184.734,221.488,165.44,14357.0
Yes,68.0,-0.5,0.36,-0.24,-1.7,8.749,3.272,1.22,3.22,1.0,4941.0,-6.132,19.96,-1.36,88.72,-46.0,0.442105,0.004064,4.18143,9.84316,0.0,31.0523,8898.0
Yes,71.0,-0.33,0.07,0.28,-1.4,8.76,8.795,25.25,60.0,11.0,11635.0,-7.164,12.82,-0.93,63.25,-42.0,0.588235,0.000126,16.4856,362.101,0.0,0.0381468,21766.0
Yes,64.0,0.05,-1.06,0.41,-0.44,3.285,1.557,22.22,341.66,21.0,455.0,-5.874,8.32,0.0,57.19,-45.9,0.378947,0.000205,1424.66,70.8678,0.0,35.5897,15358.0
Yes,38.0,-0.15,0.57,-0.15,-1.06,2.439,2.326,2.11,0.11,1.0,849.0,-3.641,2.28,0.0,129.38,-28.0,0.31,0.000142,0.0,0.0,0.0,0.0,17809.0
Yes,44.0,-0.29,0.19,0.84,-0.63,8.903,9.602,160.75,14.37,2.0,897.0,-4.433,1.61,-34.53,19.78,-34.5,0.103448,9e-06,4819.68,119.846,381.833,1104.45,4337.0
Yes,44.0,-0.07,-0.31,-0.05,-0.36,0.063,1.422,16.0,13.75,14.0,526.0,-3.52,4.303999999999999,-123.7,37.730000000000004,-61.1,0.357142,2.1e-05,15.759,1.95497,0.0,559.77,13619.0
Yes,74.0,0.42,0.08,-0.12,-1.74,3.908,2.446,5.0,10.73,10.0,1332.0,-4.616,8.05,0.0,52.47,-99.6,0.882352,0.01121,842.054,13.067,0.0,10822.9,16914.0
Yes,57.0,-0.01,0.24,-0.12,-0.69,0.586,0.651,20.09,4.45,12543.0,214.0,-3.81,6.52,-39.32,21.57,-76.8,0.206896,2.6e-05,59.1176,322.561,0.0,0.195814,31053.0
Yes,55.0,0.29,-0.1,0.23,-0.8,3.968,3.087,11.12,5.37,12.0,442.0,-6.706,6.96,0.0,98.18,-25.6,0.240963,1.7e-05,687.095,2186.51,4.76206,6.38048,25076.0
Yes,84.0,-0.94,-0.03,0.27,0.9,8.658,9.167,17.87,151.37,1.0,1392.0,-4.752,5.1,0.0,155.16,-66.7,0.289156,9.1e-05,7850.9,16.4346,18.634,3855.32,22816.0
Yes,61.0,0.07,-0.01,-0.05,-0.22,2.537,2.263,5.22,8.88,1.0,285.0,-5.974,4.04,0.0,97.68,-40.1,0.33,7e-05,3462.79,30.6148,14.718,4544.3,5249.0
Yes,58.0,0.19,0.23,-0.2,-2.17,3.364,2.057,1.14,68.14,1.0,758.0,-6.401,1.78,0.0,80.97,-35.0,0.2625,9.1e-05,132.245,248.208,73.7007,24.7623,4076.0
Yes,67.0,0.06,-0.19,0.3,-1.0,3.847,2.557,5.45,2.81,1.0,1330.0,-5.648,0.82,0.0,124.71,-56.1,0.271929,0.021985,1406.54,45.7489,44.5315,962.8,23283.0
Yes,58.0,0.44,-0.15,-0.07,-1.79,2.018,2.186,10.14,29.64,1.0,1058.0,-5.613,0.39,0.0,116.9,-53.9,0.236111,0.000263,422.141,270.761,77.8893,2.09353,6786.0
Yes,61.0,-0.37,-0.11,0.26,0.29,8.899,6.062,173.87,1117.62,1.0,4123.0,-5.399,1.92,-26.06,26.0,-36.8,0.192771,7e-05,945.281,2504.19,32.0936,10.0724,11270.0
Yes,60.0,0.17,-0.36,0.19,-1.27,3.013,2.318,2.66,3.0,1.0,1570.0,-5.515,4.24,0.0,75.65,-36.3,0.173913,1.8e-05,53.194,6.07109,0.0,104.417,10938.0
Yes,54.0,-1.22,0.17,0.63,-0.07,8.893,4.251,302.88,1756.55,1.0,1725.0,-3.93,6.81,-42.81,54.12,-36.5,0.153061,1e-05,68.0846,1368.73,41.5443,238.017,13663.0
Yes,41.0,0.47,0.1,-0.98,-1.1,3.43,2.876,29.83,31.5,1.0,1080.0,-5.337,4.43,0.0,76.4,-9.2,0.1875,4.7e-05,21.106,2512.73,10.0465,0.0,24408.0
Yes,43.0,0.56,-0.04,-1.13,0.07,8.383,4.743,5569.0,86424.25,2.0,1591.0,-4.327,2.03,0.0,119.56,-11.5,0.270833,0.015929,15694.7,2014.41,615.138,3198.11,28831.0
Yes,72.0,-0.88,0.44,-0.37,-1.4,8.322,8.647,27.44,103.11,1.0,2035.0,-5.212,1.47,-0.32,82.01,-60.2,0.3125,1.5e-05,1262.35,1327.07,4.34793,10.1884,29510.0
Yes,49.0,0.54,-0.08,-0.43,-0.44,3.687,0.773,30049.0,146766.76,170.0,575.0,-5.943,2.26,0.0,169.65,-83.2,3.733944,0.001451,562.851,0.0,3.84716,1889.02,15503.0
Yes,58.0,-0.24,-0.19,-0.32,-1.08,7.534,1.856,183.14,2624.85,10.0,1554.0,-5.138,0.68,-9.64,32.29,-25.7,1.083333,2.1e-05,11146.6,1776.17,0.0,14800.1,20940.0
Yes,43.0,-0.15,-0.02,0.52,-0.72,0.315,9.028,0.66,0.5,5.0,9915.0,-5.712,17.38,-11.21,21.61,-20.5,0.15942,2.2e-05,0.0,0.0,0.0,0.0,2288.0
Yes,41.0,0.4,-0.26,-0.35,-1.23,8.871,5.91,14278.83,203825.66,2.0,1215.0,-5.339,0.97,0.0,140.41,-12.8,0.313432,2.5e-05,16075.0,2919.05,738.619,350.493,4857.0
Yes,33.0,0.26,-0.33,-0.04,-1.16,6.304,7.471,58239.0,759.83,1.0,4422.0,-6.117,2.13,0.0,148.03,-7.5,0.163934,8e-06,3270.44,4032.54,471.659,2.24749,9158.0
Yes,50.0,0.25,0.31,0.08,-0.9,8.899,3.964,2895.28,1392.42,1.0,2055.0,-3.147,4.75,-31.54,19.44,-30.6,0.173333,1.4e-05,23581.0,403.495,498.912,6980.54,17114.0
Yes,45.0,-0.36,0.13,0.09,-1.25,8.899,9.602,117.81,9.63,2.0,1918.0,-4.87,1.81,-28.6,51.9,-39.3,0.126126,2.6e-05,377.787,142.99,139.132,1.62685,7365.0
Yes,36.0,-0.24,-0.42,0.79,0.24,4.379,3.89,9.17,16.17,2.0,991.0,-6.482,3.27,0.0,161.0,-18.8,0.165714,2.8e-05,20.2571,1898.74,0.0,0.0,18877.0
Yes,55.0,0.42,-0.43,-0.12,-0.32,8.877,7.79,14.28,33.57,1.0,2234.0,-5.977,12.06,0.0,134.93,-23.7,0.205128,5.9e-05,1263.63,2307.76,4.24777,723.984,12517.0
Yes,54.0,0.11,0.19,0.15,-1.31,8.901,10.003,29.0,24.45,1.0,2967.0,-6.097,4.41,0.0,162.24,-43.4,0.1,3e-05,1211.16,1482.83,9.5129,1.69452,1261.0
Yes,46.0,0.19,-0.13,0.28,0.04,0.0,0.975,198304.5,228667.38,602.0,1275.0,-5.874,4.026,-810.5,83.08000000000001,-63.5,0.813829,0.00178,9.53601,0.0,6.71424,0.0,11853.0
Yes,49.0,0.46,0.32,-0.09,-1.03,5.533,3.308,3.42,2.71,1.0,370.0,-5.365,5.22,0.0,95.88,-32.5,0.2,0.029608,879.749,0.0,0.0,553.752,32624.0
Yes,41.0,-0.3,-0.58,0.57,-0.55,3.833,2.505,13.06,146.0,34.0,585.0,-6.831,4.22,0.0,122.34,-39.5,0.75,0.005113,632.397,7.7314,15.6507,1679.08,5537.0
Yes,62.0,0.3,0.19,-0.5,-1.82,2.567,2.706,5.12,16.37,1.0,1967.0,-4.47,11.11,-38.22,3.32,-28.4,0.74074,0.000241,4.59091,1320.36,0.0,0.93043,32160.0
Yes,48.0,-0.4,0.64,-0.04,-0.65,8.87,8.775,101.33,175.0,1.0,11213.0,-5.379,2.3,-4.87,46.93,-31.3,0.21,3.1e-05,3387.08,5307.21,623.895,32.092,3825.0
Yes,66.0,0.64,-1.28,0.28,-1.71,8.646,9.249,9.87,17.0,1.0,7561.0,-5.219,6.442,0.0,116.85,-32.7,0.222222,2.9e-05,1337.43,1396.65,0.0,103.627,25396.0
Yes,54.0,0.2,0.16,0.32,-0.91,8.888,5.356,4.62,4.0,1.0,3170.0,-4.366,2.96,0.0,137.38,-43.0,0.436781,0.000266,29287.4,134.695,2.80696,9599.59,12472.0
Yes,48.0,-0.27,0.15,-0.08,-0.75,8.42,6.358,39.11,1980.94,6.0,923.0,-3.934,8.62,0.0,230.81,-65.4,0.224598,0.013879,14268.2,1198.87,417.903,452.399,15219.0
Yes,66.0,0.02,0.43,-0.35,-1.67,1.829,1.08,7.85,33.0,1.0,163.0,-4.032,13.13,-31.09,16.91,-39.6,0.381578,0.000125,66.1902,490.924,0.0,9.17337,25953.0
Yes,50.0,0.38,-0.25,-0.13,-1.56,8.59,9.114,1175.42,3056.71,1.0,13422.0,-4.758,4.8,-1.75,66.78,-35.4,0.126582,2.8e-05,1809.45,91.2875,0.0,372.626,32688.0
Yes,73.0,-0.14,-0.15,0.21,-1.51,8.804,9.016,14.18,137.72,1.0,3916.0,-5.66,0.43,0.0,86.35,-67.3,0.39823,0.000117,21.9362,2413.87,39.6056,82.3074,29694.0
Yes,60.0,-0.09,-0.25,0.3,-1.94,1.3,2.982,39.44,101.83,2.0,14324.0,-6.12,3.9,0.0,37.57,-79.0,0.254143,0.003006,167.156,2791.97,74.4803,11.8027,21826.0
Yes,70.0,0.45,-0.42,0.38,0.09,4.0964,0.17,0.87,0.75,46.0,521.0,-5.243,3.9,-3.7960000000000003,80.022,-38.2,3.380952,0.015105,196.124,5.65971,0.0,567.315,15689.0
Yes,43.0,0.08,0.12,0.13,-0.09,1.621,3.159,13.42,28.57,1.0,2590.0,-3.936,5.36,0.0,88.36,-54.5,0.3,9.2e-05,6.69313,0.0,0.0,954.321,20782.0
Yes,42.0,0.55,-0.56,0.25,-0.3,0.164,1.875,1.0,3.71,6.0,1905.0,-2.523,1.71,-44.51,63.858000000000004,-49.4,0.272727,2.1e-05,0.0,0.0,0.0,6.35219,14260.0
Yes,50.0,-0.25,-0.21,0.69,-0.49,8.847,4.46,16.81,0.12,1.0,454.0,-5.815,6.66,-0.45,113.92,-37.1,0.602409,0.001674,87.0125,0.0,0.0,56.5323,24966.0
Yes,51.0,0.26,0.26,0.04,-0.54,2.488,2.251,9.87,7.37,1.0,1739.0,-5.139,4.8,0.0,117.13,-32.1,0.235294,2e-05,192.157,39.7089,10.9616,82.416,30442.0
Yes,36.0,-0.16,-0.26,-0.11,0.37,4.153,2.193,10.25,17.37,1.0,365.0,-4.912,6.22,0.0,33.14,-35.8,0.170731,0.007504,28.6173,7.11386,0.0,0.0239693,9697.0
Yes,37.0,0.51,0.29,-0.21,-0.53,8.535,7.093,12673.5,65892.16,2.0,3015.0,-5.652,1.51,0.0,83.57,-6.0,0.307692,3.3e-05,13519.7,3471.7,606.649,0.444855,988.0
Yes,40.0,0.47,0.46,0.22,-0.45,8.461,6.766,22073.16,12971.33,2.0,3014.0,-6.009,0.59,0.0,98.67,-6.3,0.333333,1.8e-05,15806.4,2712.6,621.244,87.7066,11340.0
Yes,51.0,0.42,-0.26,0.0,-2.49,1.817,1.171,93.14,83.0,2.0,2572.0,-4.875,6.46,0.0,19.37,-56.1,0.282051,0.000154,802.843,8.51535,88.7484,0.0,20620.0
Yes,71.0,-0.61,-0.01,0.2,-1.28,8.546,9.363,4.85,20.42,1.0,6067.0,-5.05,2.14,0.0,65.39,-41.5,0.3375,9.3e-05,78.5721,2482.66,0.0,10.291,31728.0
Yes,43.0,0.92,-0.44,-1.1,-1.64,8.858,4.501,12073.83,19123.16,1.0,4569.0,-5.27,4.17,-0.41,103.03,-13.4,0.5,0.000138,3721.7,6175.79,916.691,8.13079,29511.0
Yes,63.0,-0.25,0.41,0.14,0.11,1.094,2.358,3.71,5.42,1.0,1502.0,-6.652,8.23,-25.08,11.1,-23.6,0.227848,1.7e-05,407.395,1256.89,0.0,213.245,6170.0
Yes,47.0,0.74,-0.6,-0.51,-0.54,8.84,5.792,559.33,84.5,1.0,733.0,-6.39,4.76,0.0,114.52,-8.0,0.157142,4.5e-05,31.6935,3383.93,7.20015,12.7711,10664.0
Yes,45.0,0.71,0.18,-0.1,-0.29,0.549,0.335,4.5,6.0,282.0,136.0,-4.042,3.8,-3.99,31.24,-52.1,0.270588,0.028122,1544.21,334.238,0.0,60.927,6301.0
Yes,60.0,-0.54,0.02,-0.22,-0.47,8.857,6.856,6787.42,436268.14,2.0,1518.0,-4.764,2.74,-2.26,56.26,-37.8,0.179487,0.027492,17117.2,2197.62,323.644,106.504,10032.0
Yes,69.0,0.29,0.42,0.01,0.23,3.677,2.692,1.37,4.62,1.0,2872.0,-6.324,3.19,0.0,69.34,-48.6,0.517647,0.010659,23708.6,495.54,0.0,6513.23,29203.0
Yes,39.0,-0.04,0.34,0.18,0.1,2.48,2.322,27.37,20.62,15.0,2021.0,-3.206,7.83,-6.99,6.99,-34.3,0.277108,3.5e-05,0.0,1070.35,27.5016,0.0,1968.0
Yes,54.0,0.92,-0.74,-0.33,-1.85,3.283,3.116,4.2,36.0,1.0,118.0,-5.455,1.71,0.0,82.59,-18.6,0.166666,3.4e-05,128.116,3013.29,4.24825,1.9795,4440.0
Yes,50.0,0.6,0.12,0.01,-0.96,1.921,1.663,15.87,18.87,2.0,367.0,-4.795,0.82,0.0,85.25,-35.1,0.241379,0.000124,456.361,2427.54,0.0,2.40753,3170.0
Yes,62.0,-0.33,-0.6,0.44,-1.8,3.142,8.554,16.14,34.42,1.0,3172.0,-3.809,1.76,0.0,72.1,-36.1,0.333333,0.0001,658.402,244.34,0.0,17.6924,10849.0
Yes,50.0,0.42,0.28,-0.95,-0.81,8.788,8.869,692.33,5381.16,1.0,2654.0,-4.343,8.57,0.0,70.62,-12.3,0.378787,5.1e-05,6832.3,5566.63,619.267,5.37151,22687.0
Yes,66.0,-0.08,-1.0,0.77,-0.16,8.701,5.015,2409.0,14089.75,1.0,1032.0,-5.864,4.13,-0.54,104.5,-57.8,0.261904,1.4e-05,10656.9,918.149,7.98873,2044.1,504.0
Yes,63.0,0.14,-1.14,0.76,-1.79,8.719,9.1,92.85,487.0,1.0,632.0,-7.605,4.35,0.0,112.33,-37.9,0.164556,2.2e-05,310.6,3445.89,280.231,9.60981,7046.0
Yes,48.0,0.11,0.2,0.05,-1.26,1.227,0.838,1.41,1258.16,1.0,268.0,-4.297,5.03,-6.33,40.77,-55.7,0.201612,2.1e-05,13.6589,36.0647,0.0,0.518169,22410.0
Yes,43.0,0.64,-0.29,-0.47,-1.97,0.628,0.572,1.75,80.75,9.0,414.0,-3.665,6.13,-29.17,16.37,-44.4,0.229885,2.4e-05,3.76096,36.5698,0.0,0.0,24861.0
Yes,48.0,0.68,-0.93,-0.34,-1.74,0.468,0.358,14.12,2371.0,9.0,567.0,-2.372,9.08,-33.75,21.22,-49.2,0.247058,1.9e-05,0.0,32.0011,0.0,1.03589,3846.0
Yes,48.0,0.18,0.24,-0.16,-1.1,0.166,0.349,49.75,3607.62,8.0,371.0,-2.031,4.73,-96.82,3.68,-39.3,0.180722,1.9e-05,3.19757,46.4757,0.0,0.0,13484.0
Yes,45.0,0.75,0.18,-0.39,-0.87,0.166,0.358,4.0,854.87,9.0,475.0,-3.257,6.78,-94.26,5.54,-43.1,0.235294,6.1e-05,3.8681,20.9798,0.0,0.0,26257.0
Yes,43.0,0.43,-0.04,-0.47,-0.94,0.586,0.365,25.87,4192.5,9.0,458.0,-3.252,4.67,-3.04,55.48,-35.3,0.264367,1.8e-05,3.27306,30.8345,0.0,0.0,1901.0
Yes,42.0,0.28,0.09,-0.69,-1.47,0.34,0.365,28.75,2380.12,9.0,330.0,-3.16,16.46,-2.38,18.87,-37.7,0.29885,0.000643,0.0,26.7061,0.0,1.60756,1020.0
Yes,44.0,0.32,-0.04,-0.47,-0.93,0.468,0.949,10.5,431.5,13.0,465.0,-2.898,10.58,-32.51,21.38,-37.5,0.241379,2.5e-05,0.0,7.58491,0.0,0.0,23853.0
Yes,43.0,0.74,-0.19,-0.18,-0.05,0.0,2.659,3.0,2.71,11.0,2176.0,-4.737,3.3880000000000003,-218.4,66.992,-22.2,0.56,0.002554,2.40131,2.33524,12.3351,0.0,948.0
Yes,49.0,0.27,-0.3,-0.28,-0.83,1.991,2.052,56.16,718.5,1.0,2142.0,-4.874,4.01,0.0,80.11,-19.5,0.338235,1.9e-05,308.947,3391.18,232.285,6.87005,28032.0
Yes,64.0,-0.34,-0.22,0.06,0.02,0.166,0.694,83.0,92.5,29.0,388.0,-6.081,5.25,-26.93,50.894,-19.8,0.557377,0.002375,86.8214,37.4987,40.9593,24.8244,9506.0
Yes,26.0,-2.21,1.84,0.03,-0.4,1.356,1.453,14.5,65.87,882.0,711.0,-1.033,11.57,-11.11,17.26,-39.6,0.146341,1.3e-05,7.6189,1282.49,13.2408,0.286992,31275.0
Yes,60.0,0.07,0.51,-0.04,0.27,8.748,4.274,327.57,2559.28,39.0,5876.0,-4.265,2.57,-27.29,26.47,-32.0,1.49315,0.000184,19687.0,2959.13,0.0,17602.0,32275.0
Yes,42.0,0.2,0.25,-0.49,-0.61,1.62,1.577,19.42,26.28,2.0,376.0,-3.025,5.74,0.0,50.4,-48.5,0.207792,0.000218,1.43869,1340.25,7.8906,0.0,28895.0
Yes,51.0,0.51,0.16,-1.25,-1.03,3.853,2.73,0.62,1.25,1.0,929.0,-4.599,6.09,-17.47,23.44,-40.2,0.238095,0.026182,24.9393,0.0,0.0,4.86694,19641.0
Yes,52.0,0.13,-2.94,0.73,-0.49,1.378,0.365,0.7,5.5,1.0,825.0,-3.664,3.69,0.0,28.29,-74.3,0.382352,0.005261,26.6477,0.0,2.73129,1.49812,29098.0
Yes,60.0,-0.46,0.04,0.25,0.02,3.197,2.33,26.42,65.71,1.0,193.0,-4.325,1.7,0.0,120.5,-22.3,0.230769,0.004318,17.5616,59.2572,6.10017,14.5717,11543.0
Yes,54.0,-0.19,0.54,-0.31,-1.24,7.699,3.489,7.85,26.85,2.0,1145.0,-3.813,2.01,0.0,121.43,-29.2,0.2875,0.001722,150.164,0.0,0.0,1432.33,5666.0
Yes,55.0,0.46,0.13,0.09,-0.84,3.136,0.963,0.37,1.62,4.0,2599.0,-4.62,11.34,-29.36,21.08,-53.9,0.235294,7e-05,56.5179,36.4757,0.0,1.58461,30024.0
Yes,41.0,-0.03,0.42,-1.1,0.24,2.142,1.751,2.37,3.25,2.0,405.0,-3.08,9.89,-36.77,23.23,-45.0,0.188235,0.000145,7049.42,18.355,0.0,1.60013,5469.0
Yes,56.0,-0.21,-1.15,0.68,0.23,1.107,2.578,12524.0,12219.71,6.0,1238.0,-5.519,5.67,-20.8,29.95,-25.2,0.805555,0.000123,1593.72,486.678,0.0,3243.53,24068.0
Yes,48.0,-0.14,0.71,0.25,-0.64,3.426,2.163,6.85,147.71,2.0,190.0,-1.787,5.76,0.0,24.73,-70.4,0.205128,2e-05,2.57535,37.7948,0.0,0.0,20487.0
Yes,46.0,0.06,0.75,-0.44,-0.31,2.06,0.987,348.4,3857.3,1241.0,82.0,-5.548,7.25,-57.81,65.03800000000001,-26.3,0.31132,2.4e-05,2.49376,197.247,0.0,0.11145,6756.0
Yes,66.0,-0.1,-0.39,-0.07,-1.69,4.547,2.322,56.42,57.28,1.0,3543.0,-4.836,2.96,0.0,108.38,-35.5,0.376623,0.00126,19361.2,300.349,647.435,7381.76,13781.0
Yes,50.0,0.45,0.41,0.09,-0.07,1.92,1.991,12.14,4.85,2.0,318.0,-5.028,4.12,-42.17,13.78,-56.9,0.12987,3.3e-05,863.893,5.97027,0.0,65.1551,27906.0
Yes,36.0,0.64,0.38,-0.3,-2.0,8.814,8.094,442.33,60982.66,2.0,1210.0,-5.873,3.88,-1.09,118.59,-10.8,0.285714,0.000133,1549.35,3121.07,493.245,0.614727,23704.0
Yes,42.0,0.2,0.12,-0.2,0.07,8.796,3.841,31.5,68.37,1.0,634.0,-2.204,7.42,0.0,132.51,-31.6,0.252873,4.6e-05,801.238,300.158,210.911,6.45305,3092.0
Yes,72.0,0.26,-0.19,0.24,-0.46,8.321,3.887,11.88,17.88,1.0,8019.0,-6.508,6.75,0.0,108.59,-50.2,0.676767,0.008802,24989.9,339.281,8.81355,9077.15,28862.0
Yes,59.0,0.24,0.14,-0.19,-1.17,3.674,2.511,27.92,22.07,1.0,4330.0,-6.579,5.65,0.0,104.06,-58.3,0.208333,0.003961,1382.64,997.401,14.7355,62.0798,23068.0
Yes,55.0,-0.35,-0.77,0.38,-0.24,8.883,9.892,15823.85,18500.42,1.0,1009.0,-5.179,2.2,-34.08,48.68,-40.2,0.324675,5.1e-05,4887.09,2206.51,239.707,8.80148,10457.0
Yes,38.0,-0.67,0.24,-0.35,-0.33,4.27,2.295,8.77,11.22,137.0,1438.0,-3.964,5.57,0.0,94.46,-25.1,0.2,0.000681,0.0,72.1127,2.60957,108.533,1238.0
Yes,47.0,0.4,-0.57,-0.28,-1.54,8.903,8.99,1412.11,318.22,7.0,3668.0,-5.465,4.31,0.0,218.64,-90.2,0.22939,0.006741,209.49,3133.99,5.99351,0.0298896,30781.0
Yes,52.0,0.26,-0.2,-0.02,-1.4,7.172,6.687,156.65,68.5,2.0,553.0,-5.857,0.41,0.0,158.76,-100.0,0.209737,4.9e-05,1041.95,1563.7,36.1666,97.0698,30390.0
Yes,29.0,0.09,-1.23,-1.23,-0.27,1.805,0.365,3.57,9.28,420.0,625.0,-2.542,0.88,0.0,39.22,-33.5,0.128205,0.000223,0.0,143.707,0.0,0.0,27794.0
Yes,51.0,0.31,-0.56,0.27,-0.75,7.545,1.064,3.85,62.4,3.0,932.0,-7.117,4.6,0.0,169.33,-64.0,0.25238,0.005814,9.25554,13.0589,0.0,4.34096,4624.0
Yes,49.0,0.22,0.05,-0.37,-1.01,8.89,6.373,1226.08,2956.13,1.0,462.0,-6.452,3.34,-0.82,205.86,-99.6,0.298319,0.003696,6290.27,790.248,928.077,938.585,25568.0
Yes,43.0,0.41,0.22,-0.29,-2.3,5.682,3.356,0.4,20.4,1.0,256.0,-4.023,0.64,0.0,124.88,-11.6,0.134615,0.000333,72.0971,0.0,5.28048,81.996,27747.0
Yes,46.0,0.46,0.01,-0.15,-1.91,6.453,2.608,4.33,5.22,1.0,1242.0,-3.575,1.69,0.0,113.95,-29.3,0.210526,0.000242,26.1176,497.945,0.0,25.0911,8203.0
Yes,55.0,-0.07,-0.24,0.18,0.1,1.219,1.897,4.0,6.77,520.0,3025.0,-4.122,4.86,-19.31,22.82,-42.8,0.212765,7e-05,296.036,1964.49,3.52751,16.8759,29364.0
Yes,60.0,0.22,-0.68,0.59,-1.08,7.467,3.997,30.0,8.0,1.0,1591.0,-4.869,3.64,0.0,51.41,-41.0,0.275,0.000407,74.5142,93.7312,0.0,8.14702,8368.0
Yes,53.0,0.38,0.19,-0.18,-1.52,5.562,3.735,2.62,4.37,1.0,1583.0,-4.457,1.91,0.0,89.56,-34.1,0.15909,9e-06,131.376,98.3039,0.0,121.809,28300.0
Yes,51.0,-0.19,0.42,-0.09,-0.86,8.556,9.454,106556.6,9.7,2.0,7803.0,-4.284,9.22,-32.28,47.94,-47.8,0.235294,1.9e-05,442.423,35.9946,0.0,9.82834,7256.0
Yes,83.0,0.57,-0.04,-0.19,-0.58,0.51,3.845,1074.76,2832.17,11.0,2879.0,-3.719,4.31,0.0,86.09,-144.4,1.594444,0.001544,0.0,0.0,0.0,0.0,13788.0
Yes,43.0,0.6,-0.56,0.25,-0.3,0.164,1.673,2.71,0.42,4.0,1125.0,-2.523,4.35,-45.34,58.574,-44.8,0.311688,0.040586,0.0,0.0,0.0,0.0,29027.0
Yes,32.0,-0.53,0.16,-0.62,-0.43,0.264,0.28,0.0,0.14,24.0,455.0,-3.326,7.37,-20.72,29.25,-23.2,0.171052,8.4e-05,0.0,0.0,0.0,0.0,12763.0
Yes,52.0,-0.2,-0.39,-0.3,-0.46,8.903,9.564,6671.0,14799.0,1.0,7019.0,-4.645,3.72,-36.26,43.68,-39.5,0.185185,1.7e-05,1124.4,0.0,36.9012,8.76462,26514.0
Yes,33.0,-2.23,0.78,-0.27,-0.64,0.724,1.588,7.28,1.42,1323.0,652.0,-2.446,4.57,-7.65,19.11,-33.8,0.253333,8.9e-05,0.0,0.0,0.0,0.0,19912.0
Yes,32.0,0.01,-1.51,-0.1,-0.38,2.6,2.633,13.37,65.62,2.0,1436.0,-3.728,2.07,-2.72,16.72,-46.0,0.240963,4e-05,87.2436,67.1825,8.32218,0.0,4526.0
Yes,37.0,-0.33,-0.04,-0.53,-0.56,8.841,5.486,0.88,1.88,1.0,2196.0,-4.657,4.57,-16.31,64.76,-34.8,0.255319,4.8e-05,283.319,0.0,0.0,240.237,2200.0
Yes,53.0,-0.41,0.03,0.52,-1.39,6.349,3.935,8.41,10.64,1.0,1464.0,-7.448,2.67,0.0,152.1,-63.2,0.213483,0.000162,1510.28,24.4061,87.5122,1364.67,1364.0
Yes,56.0,-0.27,0.29,-0.51,-0.5,3.229,1.498,107.16,123.33,2.0,6577.0,-6.284,0.89,0.0,63.2,-21.9,0.2,4.7e-05,59.3246,2866.93,3.94265,28.3575,20012.0
Yes,42.0,0.25,-0.31,0.11,-1.27,2.092,1.685,2.63,9.36,1.0,512.0,-3.747,3.94,0.0,69.55,-50.7,0.247787,1.3e-05,712.303,0.0,66.0695,1.01181,26565.0
Yes,49.0,-0.06,0.25,0.17,-0.34,2.73,1.982,20.0,23.14,1.0,456.0,-6.275,5.19,0.0,68.28,-22.6,0.225,2.5e-05,16.7703,2.81013,0.0,3.34418,10873.0
Yes,58.0,-0.1,-0.43,0.44,-0.49,3.304,2.558,4.33,19.0,1.0,1425.0,-6.832,5.04,0.0,144.49,-85.1,0.243801,0.000971,486.211,1533.53,2.31559,0.143142,32587.0
Yes,63.0,0.24,-0.32,0.28,-1.51,8.799,7.958,786.0,1428.8,1.0,4011.0,-7.388,7.33,0.0,60.24,-11.2,0.254545,5.3e-05,11754.5,5560.14,601.439,130.81,10703.0
Yes,45.0,0.71,-0.39,-0.46,-1.53,8.826,4.891,156110.5,244558.33,2.0,4004.0,-3.8,7.48,0.0,101.43,-14.7,0.387096,3.3e-05,23134.4,3444.19,646.165,4925.35,8089.0
Yes,51.0,0.29,0.01,-0.02,-0.29,8.767,9.842,18599.0,4973.28,4.0,1253.0,-4.557,1.74,0.0,238.77,-58.3,1.906666,0.000166,28415.3,807.152,5.49419,17188.9,1233.0
Yes,43.0,0.49,-0.17,-0.38,-1.22,1.877,1.64,42.0,101.71,2.0,598.0,-4.742,3.51,-14.31,17.33,-44.6,0.253333,0.004602,98.9945,229.287,75.7362,0.236417,21779.0
Yes,55.0,0.08,-0.11,0.36,-1.2,3.176,1.54,26.75,159.06,1.0,1589.0,-7.41,2.39,0.0,134.28,-57.8,0.273809,0.008646,13.4064,169.942,0.0,1.23235,8727.0
Yes,33.0,0.28,-0.04,-0.11,-0.36,2.093,2.792,5.87,4.25,1.0,1373.0,-2.54,2.33,0.0,104.39,-24.2,0.20238,0.000704,5.21091,2.79075,0.0,0.299282,13903.0
Yes,56.0,-0.9,0.05,0.41,0.06,8.68,9.942,307663.71,70913.28,2.0,1073.0,-5.509,3.32,-34.86,29.68,-37.3,0.155844,0.000112,1039.87,209.556,1.98919,413.423,9405.0
Yes,48.0,-0.23,0.34,-0.08,-0.0,8.683,5.709,443.14,1347.5,1.0,977.0,-5.431,5.76,-0.11,128.95,-49.5,0.275167,2.3e-05,5981.3,3916.23,609.855,7.24596,11219.0
Yes,47.0,-0.16,0.27,-0.22,-0.1,8.518,8.353,194.73,7389.0,5.0,660.0,-4.613,2.69,0.0,257.12,-50.6,0.253246,5.5e-05,562.828,4230.64,199.643,2.82913,29587.0
Yes,58.0,-1.02,-0.22,0.4,-0.81,8.869,8.35,1006.22,5866.66,1.0,1488.0,-4.325,8.65,-0.75,100.76,-58.9,0.161616,0.000108,50.6354,104.155,17.655,1272.57,28938.0
Yes,64.0,-0.67,-0.03,0.26,-0.8,8.739,9.35,14.57,63.71,1.0,6352.0,-4.607,3.15,0.0,128.0,-35.4,0.146666,7.9e-05,434.645,2893.28,0.0,621.389,17793.0
Yes,51.0,-0.6,0.14,0.37,-0.23,3.656,2.651,122.91,221.65,1.0,3049.0,-8.12,2.11,0.0,164.25,-73.0,0.203463,2.1e-05,533.792,3253.19,43.0839,0.309874,8904.0
Yes,59.0,-0.1,0.43,-0.03,-2.25,8.762,6.556,23315.66,50596.22,1.0,3640.0,-3.703,4.76,-30.43,22.58,-46.8,0.173913,1.1e-05,19063.4,251.309,331.765,477.802,31601.0
Yes,50.0,-0.25,-0.27,0.06,0.5,8.903,9.237,21918.0,92834.87,1.0,2011.0,-4.03,7.46,-37.79,50.38,-39.3,0.059523,3e-05,3271.77,3714.2,625.507,622.877,28844.0
Yes,40.0,0.42,-0.8,-0.05,-0.8,5.825,3.825,381.92,693.92,2.0,1154.0,-4.489,3.67,0.0,119.13,-42.2,0.224489,0.00021,2018.23,4085.78,634.323,0.440993,30376.0
Yes,32.0,0.64,-1.38,-0.77,-1.05,5.632,6.149,16084.83,19531.66,1.0,750.0,-4.357,4.5,0.0,64.14,-10.7,0.194029,1.8e-05,417.097,3368.46,180.986,0.0,3896.0
Yes,35.0,0.31,-0.5,-1.23,-0.4,0.58,0.672,16.66,23.33,4.0,30.0,-4.904,6.67,-5.54,22.33,-8.5,0.238805,1.8e-05,37.8183,752.11,72.9589,0.0,2856.0
Yes,37.0,-0.1,-0.33,0.41,-0.27,2.818,2.583,29.85,33.0,1.0,2919.0,-3.561,4.86,0.0,83.53,-40.2,0.141025,8e-06,186.555,481.15,441.643,5.07079,15130.0
Yes,37.0,0.05,0.11,0.32,0.38,2.158,1.764,28.75,1.5,18.0,1162.0,-0.79,13.74,-50.83,14.46,-56.1,0.180722,1.2e-05,0.0,3.42269,0.0,0.0,27549.0
Yes,47.0,0.08,0.21,0.21,-0.54,5.0,4.292,0.44,1.33,1.0,917.0,-4.239,1.14,0.0,103.11,-31.1,0.225806,6.6e-05,904.808,0.0,19.8511,522.876,7560.0
Yes,42.0,0.31,-1.19,-0.26,0.17,1.94,2.592,7.12,2.75,1.0,221.0,-3.411,2.46,0.0,102.82,-24.2,0.156626,0.000109,0.0,167.817,0.0,0.676296,12399.0
Yes,37.0,0.6,0.43,-2.04,-0.79,2.234,2.377,35.0,39.33,1.0,242.0,-6.053,3.396,0.0,95.12,-5.7,0.213114,2.1e-05,0.0,0.0,0.0,0.0,15797.0
Yes,48.0,0.35,0.28,-1.24,-0.76,6.447,3.578,35.12,78.0,1.0,402.0,-3.807,4.94,-0.67,55.19,-28.9,0.329411,0.00139,2.43957,10.9557,611.166,0.0,11933.0
Yes,59.0,0.08,-0.25,0.49,-1.19,8.834,7.557,12.25,31.37,1.0,1334.0,-6.887,1.09,0.0,167.26,-37.4,0.290697,0.000425,11.7189,1460.84,0.0,33.9824,30099.0
Yes,38.0,-0.72,0.63,0.15,-0.31,0.974,1.407,10.85,0.57,5564.0,588.0,-4.514,5.96,-8.8,33.35,-68.2,0.281879,0.000289,0.0,12.4846,0.0,0.0,5672.0
Yes,62.0,0.37,0.31,0.22,-2.21,2.867,0.797,0.5,0.8,1.0,4087.0,-6.452,2.99,0.0,73.61,-33.4,0.247524,0.00076,1893.95,0.0,0.0,569.437,14184.0
Yes,52.0,-0.09,-0.1,0.41,-0.69,8.767,9.601,28.88,109.55,1.0,845.0,-6.456,2.51,0.0,113.58,-31.9,0.234693,0.01176,64.0131,3050.92,0.0,39.7728,18278.0
Yes,47.0,0.57,-0.13,0.37,-0.64,1.895,0.834,0.54,0.45,2.0,524.0,-2.937,4.76,0.0,29.19,-86.8,0.2,0.020003,15.239,0.0,0.0,0.0,31318.0
Yes,37.0,-0.13,0.1,0.02,-0.12,8.899,7.555,2957.33,2037.72,1.0,1510.0,-7.109,4.5,-1.7,248.54,-88.8,0.193353,6.5e-05,11.08,1128.93,11.9848,0.652661,24160.0
Yes,55.0,-0.06,-0.04,0.21,-0.08,0.134,0.137,1.75,3.0,491.0,1976.0,-4.294,12.04,-186.56,4.71,-32.5,0.290697,3.3e-05,15.509,0.0,0.0,54.4614,14836.0
Yes,40.0,0.65,-0.28,-0.18,-1.87,8.742,9.11,134966.83,292216.66,3.0,5308.0,-4.059,0.36,0.0,85.91,-16.6,0.3,1.3e-05,22453.7,5803.11,736.441,2.91558,4401.0
Yes,38.0,-0.25,0.25,-0.04,-0.33,8.752,8.949,104.7,3437.88,5.0,5201.0,-3.663,4.58,0.0,209.84,-60.6,0.401129,2.8e-05,7074.88,5122.44,672.857,3.61956,13624.0
Yes,37.0,-0.5,0.52,0.26,-0.24,0.736,0.651,19.66,25.55,1188.0,359.0,-3.105,14.85,-31.07,12.17,-44.1,0.402061,0.00221,102.911,173.263,0.0,37.7728,26431.0
Yes,56.0,0.53,-0.56,0.01,-0.7,8.675,3.351,11.12,12.0,1.0,1616.0,-4.491,0.43,0.0,136.18,-28.7,0.271604,0.000493,633.125,2194.93,2.57057,73.3592,25839.0
Yes,50.0,-0.11,0.22,-0.2,-0.17,0.271,0.327,15.44,7.88,10.0,622.0,-4.171,3.75,-21.07,12.18,-32.1,0.208333,5.5e-05,7.50712,3926.09,36.6632,0.913392,9583.0
Yes,58.0,0.29,-1.35,-0.03,-1.14,6.557,3.361,48.14,168.57,1.0,8325.0,-3.65,3.33,0.0,150.03,-33.3,0.3125,1.6e-05,174.184,1917.84,0.0,32.1262,16745.0
Yes,40.0,-0.62,-0.08,0.17,-0.71,6.762,2.64,400.62,295.87,12.0,2121.0,-3.629,4.66,-0.39,64.41,-36.4,0.246913,5.7e-05,10.3639,376.203,0.0,3.38887,20192.0
Yes,36.0,-0.71,0.61,-0.01,-0.28,0.974,1.336,10.78,1.0,3891.0,597.0,-4.331,5.73,-8.65,33.29,-55.1,0.395973,0.005804,0.0,0.0,8.61208,0.0120764,12669.0
Yes,79.0,-0.14,0.11,-0.1,-0.88,8.6,1.191,2.55,1.88,2.0,980.0,-5.143,9.02,-3.76,102.3,-54.8,0.557894,2.1e-05,108.074,0.0,0.0,468.209,31978.0
Yes,44.0,-0.04,0.16,-0.68,-0.45,8.894,9.602,539.5,2767.3,2.0,1716.0,-4.361,3.16,-43.11,17.07,-40.0,0.127272,1.8e-05,80.7439,92.3569,0.0,4.26703,30412.0
Yes,43.0,0.29,-0.79,-0.32,-0.49,2.36,2.686,7.88,27.44,1.0,702.0,-4.498,5.6819999999999995,0.0,94.45,-27.9,0.262626,2.2e-05,291.211,1243.53,64.6886,48.8841,14327.0
Yes,37.0,-0.53,0.33,-0.2,-0.92,3.673,3.517,5.0,1.37,1.0,743.0,-3.69,3.37,0.0,115.19,-20.1,0.160919,2.2e-05,0.0,4.02941,0.0,12.0892,9298.0
Yes,59.0,0.34,0.01,0.01,-0.87,1.215,1.343,1.3,16.2,6.0,4406.0,-5.476,3.78,0.0,43.92,-70.5,0.266666,0.01278,0.0,0.0,0.0,26.4768,994.0
Yes,42.0,-1.16,0.8,-0.64,-0.94,0.578,0.239,7.28,1.71,1593.0,825.0,-2.189,6.24,-18.84,13.73,-43.5,0.144736,1.1e-05,13.6078,3.17495,6.75903,0.0,24182.0
Yes,37.0,0.16,0.32,0.05,-0.57,7.004,4.087,40.16,46.5,1.0,2280.0,-5.59,6.48,0.0,144.83,-11.0,0.136363,9.3e-05,12.468,39.7989,0.0,12.1482,12821.0
Yes,38.0,-0.03,-1.06,0.81,-0.63,1.199,2.124,30.77,73.55,28.0,1276.0,-3.493,2.89,0.0,89.14,-46.5,0.255102,0.001964,3.37251,246.799,140.833,0.164898,17622.0
Yes,30.0,-0.18,0.04,0.94,-0.04,3.694,3.919,243.0,18.11,1.0,697.0,-5.218,3.49,0.0,120.15,-14.8,0.204301,4.4e-05,217.807,0.0,13.8554,6.73905,14036.0
Yes,50.0,0.78,-0.27,0.04,-0.97,4.362,3.02,308.0,23.12,1.0,472.0,-2.722,3.02,0.0,119.34,-34.0,0.185185,2.4e-05,46.0554,0.0,11.0995,35.8594,11669.0
Yes,39.0,0.29,-0.63,0.66,0.03,2.255,2.381,406.55,7.77,1.0,559.0,-5.331,6.09,0.0,51.04,-48.9,0.177083,0.008555,581.248,0.0,28.7961,11.0922,12846.0
Yes,29.0,-1.43,0.89,-0.43,-0.01,2.503,2.487,0.5,0.37,2219.0,215.0,-3.274,10.95,-23.39,21.75,-32.9,0.191011,2.4e-05,0.0,2.58811,0.0,0.0,19081.0
Yes,34.0,0.26,-0.5,-0.38,-1.38,8.849,5.107,4185.33,4593.16,2.0,107.0,-5.361,5.66,0.0,112.59,-7.2,0.307692,4.7e-05,390.85,3371.27,383.565,0.0417778,18162.0
Yes,36.0,0.11,-0.3,0.05,-0.33,4.653,2.664,11.25,9.87,1.0,904.0,-2.381,1.87,0.0,124.65,-43.8,0.155555,9.3e-05,14.5885,1.30634,232.188,0.0,16230.0
Yes,63.0,0.26,-0.17,0.2,-0.93,6.808,3.848,7.12,3.5,1.0,2765.0,-5.61,2.49,0.0,97.12,-40.0,0.247191,2.5e-05,18943.5,348.487,160.909,9808.33,21126.0
Yes,35.0,-0.01,-0.33,-0.41,-0.41,5.9,3.563,18.0,8.88,2.0,903.0,-3.496,5.52,-27.55,22.06,-57.0,0.387096,8.7e-05,0.227894,0.0,45.6526,4.46328,9309.0
Yes,36.0,0.1,-0.27,-0.2,-0.31,5.9,3.563,20.25,10.0,2.0,909.0,-2.848,5.46,-27.3,21.15,-52.6,0.356321,0.000101,0.152371,0.0,45.4728,4.46328,12546.0
Yes,34.0,0.0,0.45,-0.08,0.19,2.236,2.054,157.33,84.88,1.0,57.0,-3.382,3.52,-1.16,28.52,-41.6,0.197916,0.000142,63.0389,3.07342,22.0936,16.6756,23158.0
Yes,41.0,0.54,-0.86,0.34,-0.56,3.354,2.336,0.7,0.0,1.0,534.0,-4.375,4.65,0.0,83.97,-33.9,0.220183,0.003834,0.0,0.0,0.0,0.444983,12392.0
Yes,63.0,-0.81,-0.0,0.12,-2.03,2.536,1.697,120.22,83.88,1.0,4057.0,-4.141,12.11,-15.18,7.9,-37.6,0.294736,0.000193,214.254,1326.15,326.498,92.6402,28267.0
Yes,44.0,0.04,0.51,-0.43,-0.51,1.005,0.821,18.0,151.0,1.0,5894.0,-3.58,5.96,0.0,29.14,-48.8,0.3375,0.033343,0.0,151.001,0.0,0.0,3868.0
Yes,46.0,-0.65,0.8,-0.45,-0.06,7.966,6.472,1123.88,3.55,1.0,1980.0,-1.883,2.9,0.0,141.57,-44.6,0.336956,0.008064,296.49,4.39073,0.0,4512.78,26322.0
Yes,36.0,-0.46,-0.41,0.07,-0.48,8.879,3.841,438.33,247.66,1.0,610.0,-3.357,3.61,-1.68,61.38,-44.0,0.183673,8e-06,12.8007,0.0,25.2311,1.064,17355.0
Yes,34.0,0.28,0.59,-2.0,-0.62,8.903,5.87,13480.16,6424.33,1.0,1671.0,-2.675,4.24,0.0,60.51,-13.4,0.206349,1.1e-05,1353.47,2613.45,178.136,0.0,3833.0
Yes,69.0,-0.18,0.74,-0.45,-0.61,7.854,6.96,33.11,35.33,1.0,5403.0,-5.832,6.04,0.0,99.93,-54.8,0.60215,0.000587,5073.0,245.592,0.0,11108.5,4333.0
Yes,35.0,0.24,0.02,-0.75,-1.0,8.557,4.873,3662.5,28541.5,1.0,424.0,-4.578,1.93,0.0,141.56,-10.6,0.205882,7.4e-05,152.78,3317.76,129.115,7.99249,5210.0
Yes,52.0,-0.85,0.46,-0.05,-0.0,8.355,4.342,29.07,720.85,3.0,296.0,-4.696,7.7,-6.88,131.35,-64.8,0.145833,1.2e-05,3297.53,1839.27,472.216,58.2215,19848.0
Yes,48.0,-0.06,0.01,-0.23,-0.99,8.716,6.458,18.42,199.63,2.0,422.0,-3.841,5.86,-0.68,166.05,-82.1,0.18,2.1e-05,686.745,2100.76,300.233,8.5962,11835.0
Yes,41.0,-0.02,0.59,0.65,-0.67,2.454,2.625,2.62,9.37,3700.0,173.0,-0.232,3.48,-28.51,15.84,-43.5,0.476744,0.026368,78.3252,13.4538,11.4691,0.216434,1886.0
Yes,52.0,0.33,-0.09,0.04,-0.98,4.32,2.098,39.0,17.0,1.0,228.0,-6.062,5.44,0.0,69.77,-24.3,0.108433,0.020609,2385.06,703.517,0.0,1365.0,23831.0
Yes,43.0,-0.36,-0.23,0.35,-0.44,8.556,5.08,18.0,100.62,1.0,1228.0,-3.663,3.08,0.0,81.27,-52.1,0.258823,9e-06,215.383,0.0,0.0,184.034,16352.0
Yes,57.0,0.31,-0.9,0.05,-2.06,3.09,2.947,36.42,56.85,1.0,693.0,-6.334,2.06,0.0,125.06,-35.4,0.126582,0.000104,65.258,1046.51,0.0,0.0,27511.0
Yes,54.0,0.19,0.08,-0.44,-0.91,1.371,4.159,43.75,1232.7,5.0,1212.0,-4.968,8.02,-84.72,20.87,-88.9,0.22439,0.003963,1021.36,1854.47,119.948,554.714,30730.0
Yes,62.0,-0.21,-0.52,0.73,-2.0,1.832,2.094,28.5,3.0,1.0,2435.0,-4.664,1.0,0.0,109.77,-40.4,0.134146,8e-06,544.12,0.0,0.0,335.549,29896.0
Yes,55.0,0.45,0.08,-0.71,-2.08,8.747,4.529,47443.5,10296.83,2.0,1576.0,-5.519,4.35,-2.06,66.6,-14.8,0.222222,0.000212,19305.0,2683.37,844.509,307.822,14329.0
Yes,57.0,0.25,-0.72,0.25,-0.76,2.68,2.423,12.87,43.62,1.0,1115.0,-4.131,8.8,0.0,45.81,-63.0,0.244444,8.9e-05,69.415,0.0,0.0,7.324,3013.0
Yes,46.0,-0.1,0.15,-0.1,-1.05,2.745,2.39,164.84,5.07,143.0,179.0,-5.189,1.06,0.0,98.4,-51.5,0.196969,0.012664,34.4311,67.1711,0.0,47.9118,28069.0
Yes,59.0,0.23,-0.03,-0.16,-0.58,7.494,2.845,973.5,3154.0,22.0,1034.0,-4.864,3.49,-3.14,85.02,-30.9,1.571428,0.016947,6732.34,601.619,0.0,6390.04,7961.0
Yes,58.0,-0.53,0.19,0.23,0.21,8.768,3.697,80.42,4157.14,22.0,1851.0,-5.802,0.31,-22.05,29.49,-27.9,1.162162,0.000149,7716.83,1286.27,0.0,10948.4,4205.0
Yes,57.0,-0.92,0.21,-0.02,0.7,2.595,1.22,68.57,324.71,44.0,1544.0,-5.773,2.4,0.0,34.86,-25.9,1.418918,0.000587,454.323,264.403,0.0,454.541,6603.0
Yes,62.0,0.49,-1.94,0.0,0.19,1.989,1.714,3230.71,1870.28,18.0,386.0,-4.931,1.77,0.0,32.38,-28.6,1.166666,4.8e-05,731.99,369.106,0.0,1162.23,11013.0
Yes,51.0,0.15,-0.52,0.17,-0.95,0.562,0.552,56.85,265.42,61.0,756.0,-6.645,4.22,-11.17,18.13,-17.4,0.597402,0.003098,27.8425,25.6356,0.0,180.927,20752.0
Yes,55.0,0.15,-0.26,0.37,-1.66,8.899,8.679,39.9,75.5,6.0,633.0,-6.295,5.14,-0.01,128.04,-36.4,0.235294,7.3e-05,292.96,2707.13,228.148,0.463147,12122.0
Yes,54.0,0.5,-0.52,0.48,-0.47,8.845,8.509,10.75,107.75,7.0,1931.0,-5.45,3.54,0.0,139.05,-29.8,0.080459,0.00029,384.15,2419.21,0.0,37.6711,4614.0
Yes,68.0,0.5,-0.15,-0.25,-0.92,8.733,5.818,29.0,1.5,6.0,2864.0,-5.218,5.65,-2.36,120.61,-54.2,0.172727,2.4e-05,12709.7,210.884,53.9723,1932.76,8722.0
Yes,46.0,0.34,-0.28,-0.21,-0.77,0.586,1.914,1.57,1.42,21.0,338.0,-2.553,3.33,-0.77,14.21,-49.4,0.090909,1.5e-05,502.324,5.09265,0.0,600.7,12841.0
Yes,45.0,0.16,0.32,0.02,-0.78,0.897,0.146,7.68,5.12,129.0,706.0,-6.578,12.29,-24.66,11.63,-42.5,0.205882,3.1e-05,39.8074,255.754,193.91,11.7686,30287.0
Yes,32.0,-2.45,0.21,1.35,-0.1,3.418,4.528,14.0,8.44,2.0,4439.0,-3.051,2.89,0.0,113.64,-47.9,0.27835,0.00028,83.7493,3.90706,2.89372,0.0,14183.0
Yes,57.0,0.31,-0.14,0.01,-0.66,8.737,3.949,213913.27,138914.66,299.0,966.0,-7.881,4.18,0.0,141.26,-113.0,0.906906,1.7e-05,17229.9,1401.22,0.0,11499.4,4898.0
Yes,58.0,-0.44,-0.08,0.24,0.14,2.904,1.95,31.85,75.85,2.0,542.0,-3.524,2.23,0.0,84.61,-66.3,0.35443,0.000124,72.1808,419.604,15.7221,3.52523,15682.0
Yes,53.0,-0.21,0.57,-0.66,-0.76,3.734,1.25,0.85,30.42,32.0,904.0,-5.523,7.42,0.0,51.24,-27.0,0.315068,0.000103,0.0,0.0,0.0,0.0119943,6499.0
Yes,41.0,-0.18,-0.77,0.8,0.16,3.366,1.916,1.4,0.6,2.0,1588.0,-3.181,3.77,-0.29,36.78,-69.3,0.205882,3.4e-05,230.975,287.985,0.0,68.6994,25998.0
Yes,47.0,0.6,-0.07,-0.4,-1.13,3.034,2.419,7.85,14.42,1.0,702.0,-4.959,4.73,0.0,90.47,-54.3,0.190476,2.9e-05,680.567,70.6541,151.232,1824.48,30387.0
Yes,52.0,-0.12,-0.35,0.09,-0.56,8.881,3.511,22.12,44.5,2.0,2332.0,-6.512,8.98,0.0,100.74,-30.2,0.154761,2.7e-05,282.229,2569.95,0.0,164.805,21656.0
Yes,64.0,-0.26,0.33,0.21,-0.88,2.846,1.713,29.0,147.57,1.0,655.0,-4.352,3.38,0.0,35.56,-37.9,0.2875,0.000104,21.7106,758.502,3.19091,32.8335,28461.0
Yes,54.0,-1.07,-0.12,-0.05,-0.7,0.586,1.215,4.2,3.6,1.0,427.0,-4.872,4.84,-1.45,18.05,-38.7,1.547169,0.006801,1751.83,366.359,321.366,3094.52,24959.0
Yes,70.0,-0.46,0.17,0.28,-1.24,1.608,1.121,6.42,48.71,1.0,5778.0,-3.558,5.87,-16.8,25.95,-52.7,0.466666,9.9e-05,19.1514,2091.38,13.823,3.36632,2353.0
Yes,56.0,-0.15,-0.55,0.22,-0.41,2.734,1.699,5.33,3.16,1.0,2220.0,-7.235,7.214,0.0,77.54,-15.8,0.174603,7e-06,247.076,23.7454,0.0,375.994,13966.0
Yes,50.0,0.01,-0.99,0.31,0.17,0.308,0.075,5.62,0.87,98.0,210.0,-4.048,10.22,-3.86,14.76,-39.6,0.658536,0.006439,0.0,9.12827,3.93418,0.0,27283.0
Yes,47.0,0.22,-0.91,0.21,-0.66,8.875,7.601,1377.5,476.5,1.0,16809.0,-3.386,0.93,-16.28,22.86,-34.0,0.130952,7e-06,3224.72,122.26,134.611,125.824,28918.0
Yes,51.0,-0.09,0.02,-0.41,-0.44,2.839,0.229,8.44,5.55,3.0,2307.0,-5.495,4.22,0.0,111.56,-44.6,0.242105,0.019683,76.6731,3.10525,73.8117,29.2394,15206.0
Yes,53.0,0.26,0.21,-0.57,-0.59,3.216,0.437,16.0,4.66,3.0,2316.0,-4.158,2.87,0.0,93.34,-54.1,0.257731,1.9e-05,127.47,0.0,65.5681,110.773,1890.0
Yes,64.0,-0.91,0.13,0.46,0.23,2.553,2.614,12.55,0.55,1.0,293.0,-4.793,1.38,0.0,92.77,-54.3,0.26,0.000145,0.0,45.4165,0.0,8.83157,21609.0
Yes,60.0,-0.51,0.01,0.39,-1.95,2.645,2.525,2.42,0.42,3.0,660.0,-6.039,0.32,0.0,108.99,-25.5,0.1,6e-05,4.6569,0.0,0.0,4.47623,27256.0
Yes,36.0,0.56,-1.02,0.17,-0.47,3.037,1.456,28.55,2.88,2.0,789.0,-3.269,3.08,-25.32,22.42,-54.9,0.131313,5.9e-05,1236.53,0.0,11.0224,75.8261,4907.0
Yes,36.0,0.27,-0.02,-0.37,-1.42,8.511,3.74,89.77,0.55,1.0,901.0,-4.617,2.52,0.0,88.81,-32.8,0.104166,9e-06,0.0,0.0,0.0,0.0,21696.0
Yes,47.0,-0.35,0.32,-0.14,0.22,7.791,8.668,371.0,0.62,1.0,571.0,-3.957,2.78,0.0,97.23,-38.2,0.154761,2.3e-05,0.0,0.0,0.0,0.159319,8162.0
Yes,41.0,0.01,-1.28,0.34,-0.18,5.519,3.019,55.77,28.11,1.0,3785.0,-5.247,5.59,0.0,158.04,-21.7,0.231578,1.8e-05,312.563,0.0,11.7511,1029.17,1399.0
Yes,46.0,-0.31,0.3,-0.6,-0.2,8.899,9.527,534.94,307.68,1.0,562.0,-6.02,2.89,0.0,239.02,-56.5,0.252577,0.000158,614.874,2419.43,169.313,42.2031,28031.0
Yes,61.0,-0.42,-0.16,0.43,-2.19,6.711,3.482,60.88,167.0,1.0,2151.0,-4.983,4.74,0.0,123.49,-41.9,0.29,0.000689,94.249,1513.46,0.0,6.63993,30283.0
Yes,57.0,0.31,-0.55,0.29,-0.31,8.814,6.578,6.63,114.9,2.0,2801.0,-6.557,10.4,0.0,119.43,-46.6,0.234782,0.017592,9811.01,875.95,418.432,13.4329,4227.0
Yes,28.0,-0.78,0.14,0.09,-0.14,2.704,1.264,26.2,1.5,4041.0,1156.0,-2.579,5.94,-10.93,17.15,-27.4,0.285714,0.000345,0.0,0.0,0.0,0.0,15302.0
Yes,41.0,-0.67,-0.33,0.55,0.13,7.816,4.416,45353.55,7443.11,152.0,1033.0,-3.732,2.83,-0.64,100.34,-31.2,0.520833,9.3e-05,6179.06,133.459,0.0,3160.94,20912.0
Yes,45.0,0.13,-0.23,-0.01,-0.74,7.866,2.453,1962.9,10042.2,559.0,1620.0,-5.598,2.99,-7.61,53.62,-29.3,0.931372,4e-05,6296.88,639.727,0.0,4054.49,30927.0
Yes,44.0,0.5,-1.05,-0.14,-0.41,7.212,2.576,6678.72,2849.36,384.0,888.0,-4.415,0.75,0.0,203.28,-34.4,1.309734,0.000115,9418.99,133.296,0.0,6243.92,23726.0
Yes,53.0,-0.38,0.02,0.23,-0.25,7.508,2.705,21.5,118.83,75.0,1845.0,-5.425,4.36,0.0,94.04,-24.0,0.314285,3.9e-05,130.248,1567.03,0.0,18.4706,5219.0
Yes,63.0,0.23,-0.13,0.2,-1.31,8.841,9.775,55.09,113.54,1.0,3296.0,-5.004,35.09,-13.39,162.9,-66.9,0.254237,1.4e-05,80.3243,1571.52,75.4635,9.78101,28922.0
Yes,66.0,-0.27,-0.41,0.54,-0.8,2.839,3.327,0.8,0.53,1.0,1406.0,-5.421,2.38,0.0,63.04,-77.0,0.198675,2.7e-05,1039.14,4.93935,0.0,716.414,19719.0
Yes,53.0,-0.48,0.27,-0.53,-0.67,0.572,1.157,27.0,0.66,1.0,4765.0,-4.704,10.88,-9.88,18.16,-30.8,0.25,0.007049,175.202,15.3923,3.48946,0.99832,24015.0
Yes,37.0,-0.54,0.46,-0.71,-0.18,2.511,1.85,1.0,0.25,1.0,1689.0,-2.783,5.69,0.0,63.45,-31.5,0.209876,0.014233,404.603,0.0,7.90085,1.27406,28333.0
Yes,54.0,0.22,0.08,0.22,-0.9,3.69,3.577,11.36,10.57,2.0,5995.0,-6.33,6.47,0.0,129.36,-71.2,0.299492,3.6e-05,1534.12,63.0506,42.2335,263.747,32548.0
Yes,61.0,-0.39,0.32,-0.02,-1.1,5.713,3.654,427.06,436.6,1.0,1929.0,-4.564,3.86,0.0,128.97,-76.5,0.245033,3.5e-05,3114.44,120.943,38.3623,1041.36,28627.0
Yes,36.0,0.48,-0.58,-0.2,-0.42,1.019,2.667,58.5,361.16,5.0,2048.0,-5.315,3.4,-1.02,31.83,-7.6,0.231884,6.3e-05,126.684,830.35,53.5236,2.01817,11200.0
Yes,71.0,0.48,0.04,-0.12,0.28,4.077,2.014,17.0,31.0,1.0,1881.0,-4.297,1.9,0.0,93.77,-51.0,0.405063,0.000275,12908.2,90.9714,96.7624,8719.04,28040.0
Yes,52.0,0.25,-0.46,0.01,-0.72,3.901,1.833,0.14,1.8,4.0,463.0,-5.957,17.51,-55.5,14.48,-71.5,0.27962,0.000934,6.26969,5.2374,0.0,0.0,4733.0
Yes,42.0,0.37,0.18,-0.26,0.37,8.577,8.699,1785.83,2860.83,1.0,2888.0,-4.946,4.59,-1.65,82.79,-11.4,0.365079,0.006778,11581.6,1968.17,494.815,820.263,18090.0
Yes,49.0,0.07,0.54,-0.2,-0.42,8.899,9.567,7127.2,34.0,4.0,14956.0,-4.162,4.03,-33.88,37.21,-50.8,0.082568,1.3e-05,1186.09,232.555,39.566,70.1397,351.0
Yes,32.0,-1.47,-1.6,-0.68,0.32,2.305,1.783,1.25,5.25,1.0,140.0,-1.924,6.6,-11.79,19.25,-40.9,0.445783,0.000105,0.0,0.0,0.0,4.85801,16635.0
Yes,44.0,-0.47,0.46,-0.1,-0.86,1.514,0.558,0.87,0.5,19244.0,889.0,-2.976,2.28,0.0,81.49,-43.8,0.141176,0.000424,188.881,0.0,0.0,701.164,11879.0
Yes,62.0,0.55,-0.21,0.02,-2.01,1.801,1.926,2.62,4.87,2.0,1046.0,-2.362,9.88,0.0,59.41,-70.8,0.16279,4e-05,972.507,17.0035,6.92489,1157.73,1086.0
Yes,43.0,0.58,0.02,-0.45,-0.83,0.586,0.978,19.9,43.85,103.0,81.0,-6.323,6.16,-38.82,24.7,-61.4,0.236966,0.000122,0.0,0.0,0.0,0.0625034,11618.0
Yes,33.0,0.61,0.14,-1.18,-0.51,1.101,2.767,9.5,4263.33,4.0,79.0,-4.069,2.99,-1.02,27.51,-10.6,0.2,1.5e-05,48.9351,0.0,0.0,27.5274,5637.0
Yes,30.0,0.03,-1.43,0.66,-0.29,2.949,2.671,2.0,0.25,2.0,540.0,-2.6,5.32,-1.17,28.6,-52.2,0.120481,7e-06,683.337,41.8655,0.0,134.565,30235.0
Yes,36.0,-1.09,0.58,0.38,-0.13,3.242,2.173,2.22,6.44,3141.0,834.0,-2.652,6.52,-6.8,26.73,-46.5,0.216494,0.003736,0.0,47.3833,0.0,14.6072,24299.0
Yes,52.0,0.08,0.34,-0.34,-2.09,2.687,2.902,32.6,220.4,1.0,803.0,-5.889,2.29,0.0,92.23,-13.0,0.137931,9e-06,427.094,0.0,109.474,390.006,17302.0
Yes,32.0,-1.1,0.86,0.22,-0.74,1.922,1.124,3.55,0.55,5448.0,1173.0,-0.946,3.68,-0.2,15.24,-60.1,0.389473,0.018641,0.0,0.0,0.0,0.0,31748.0
Yes,49.0,0.21,-0.67,0.55,-0.49,0.586,0.612,1.93,83.37,141.0,71.0,-7.35,4.86,-30.5,29.71,-46.4,0.201219,0.00155,1330.33,871.271,67.7629,9.34443,6776.0
Yes,61.0,-0.74,0.36,0.39,-0.46,5.45,3.848,1.25,8.75,1.0,644.0,-6.172,1.71,0.0,83.64,-36.0,0.195402,0.000101,5478.43,451.765,59.8751,3834.68,17267.0
Yes,39.0,0.59,-1.08,-0.36,-0.84,1.524,2.159,1.12,0.25,3.0,819.0,-3.409,7.75,0.0,50.47,-54.4,0.174418,0.018468,37.107,61.862,6.8177,8.30366,25008.0
Yes,43.0,-0.14,-0.31,0.44,-0.45,8.903,6.633,7971.25,478.37,1.0,625.0,-3.06,1.83,-2.98,64.4,-36.9,0.079545,2.1e-05,445.119,159.905,33.6153,86.2032,2551.0
Yes,56.0,0.4,-0.04,0.44,-1.98,3.18,1.477,10.0,204.0,1.0,6904.0,-5.824,3.51,0.0,62.72,-17.8,0.171875,5e-05,206.208,1278.88,14.4875,116.399,24684.0
Yes,51.0,0.21,-0.66,0.52,-0.01,8.836,3.726,20.75,25.62,1.0,2298.0,-1.78,0.97,0.0,53.18,-48.0,0.261904,2.5e-05,32.563,279.736,0.0,0.0,25024.0
Yes,65.0,-0.28,0.13,0.17,0.01,1.972,1.61,35.88,55.44,1.0,2991.0,-5.211,4.022,0.0,94.97,-46.8,0.371134,0.000184,3002.21,533.622,225.206,645.165,2306.0
Yes,46.0,0.08,0.18,-0.48,-0.96,8.897,9.602,67779.77,151173.33,1.0,2851.0,-3.884,3.13,-49.98,22.89,-49.4,0.164948,2.5e-05,2784.49,1234.25,136.276,8.81095,31076.0
Yes,54.0,-0.67,0.19,0.29,-0.03,8.856,9.247,229.0,5206.88,1.0,518.0,-4.956,2.58,-40.42,22.84,-42.1,0.145833,1.4e-05,19.5257,405.842,5.77578,10.2456,26699.0
Yes,62.0,-0.58,-0.98,0.48,-0.53,7.017,7.478,8.22,7.66,1.0,799.0,-4.403,4.44,0.0,122.82,-43.2,0.521276,0.009118,200.44,65.6423,0.0,210.889,16702.0
Yes,55.0,0.76,-0.37,-0.18,-2.7,8.871,9.303,17.7,8.0,1.0,4509.0,-3.609,3.48,0.0,214.09,-44.1,0.247706,0.001765,356.772,690.419,0.0,0.0,17922.0
Yes,52.0,-0.18,-1.08,0.41,0.15,8.729,9.924,45490.9,25737.4,3.0,3752.0,-4.717,1.8,-9.91,42.84,-42.1,0.218181,0.000307,1992.43,18.0519,0.0,1220.29,31889.0
Yes,56.0,0.02,0.06,0.08,-1.49,8.863,8.121,1552.66,5.77,1.0,4973.0,-5.691,1.98,-19.5,24.38,-49.8,0.185567,1.6e-05,1772.5,1278.36,12.4688,91.5568,31347.0
Yes,39.0,-0.12,0.49,0.09,-1.27,8.756,6.984,520.5,6552.66,2.0,3880.0,-4.957,2.09,0.0,88.89,-12.4,0.279411,7.6e-05,1898.25,4166.87,264.92,0.0,4734.0
Yes,50.0,0.06,-0.14,0.2,-0.33,8.682,9.553,98.25,1112.83,39.0,1666.0,-6.207,2.97,-6.7,139.62,-37.2,1.352,3.9e-05,458.687,0.0,0.0,134.629,22647.0
Yes,82.0,0.32,-0.1,0.16,-0.46,6.144,5.813,1.87,3.5,1.0,8054.0,-5.38,0.6,0.0,102.48,-49.6,0.29885,0.000141,9730.79,18.9133,0.0,13592.5,15982.0
Yes,82.0,-0.04,0.25,-0.0,-0.44,2.563,3.84,6.85,24.42,1.0,1487.0,-4.769,1.47,0.0,39.86,-46.9,0.217948,3.4e-05,7874.41,81.1344,50.9126,10912.6,16089.0
Yes,48.0,0.23,-0.02,0.11,-0.24,1.927,1.931,0.8,0.5,1.0,1842.0,-4.646,4.28,0.0,43.08,-35.9,0.137614,0.000197,6.07707,0.0,0.0,24.063,27520.0
Yes,29.0,-1.51,0.53,0.36,-0.05,1.22,1.522,62.5,6.12,1703.0,3033.0,-1.169,9.4,-5.92,22.88,-36.8,0.186046,0.001712,0.0,0.0,0.0,0.0,1213.0
Yes,27.0,-2.56,0.93,0.76,0.03,2.327,2.053,3.33,6.55,7575.0,263.0,-0.465,3.47,0.0,15.48,-55.8,0.271739,0.02654,0.0,0.0,0.0,0.0,29973.0
Yes,52.0,-0.37,-0.37,0.7,-0.55,2.854,1.33,3.62,7.5,2.0,959.0,-4.683,2.67,0.0,76.01,-30.2,0.186046,0.00095,10.9649,3.74881,0.0,0.0,28632.0
Yes,56.0,-0.15,-0.48,0.25,-0.71,7.744,9.848,6.22,16.0,1.0,1094.0,-6.359,20.04,-7.39,170.81,-27.4,0.021505,0.0,15.4192,2098.59,0.0,7.40525,23794.0
Yes,41.0,0.3,0.24,-0.11,-0.67,0.167,0.137,7.71,44.09,183.0,317.0,-6.396,8.58,-173.61,5.66,-66.2,0.158139,0.00773,0.0,0.0,0.0,0.0,12514.0
Yes,27.0,-0.43,-0.27,-0.09,-0.19,4.802,3.039,8.25,3.87,1.0,1214.0,-3.191,6.86,0.0,54.0,-14.9,0.170454,1.3e-05,0.0,0.0,0.0,0.0486216,20666.0
Yes,32.0,-2.63,0.69,0.53,-0.11,0.761,1.295,0.87,0.37,628.0,818.0,0.048,5.53,-16.2,10.85,-59.3,0.476744,2.2e-05,3.74948,0.0,0.0,0.102259,6311.0
Yes,48.0,-0.63,0.23,0.6,-0.96,2.398,2.348,16.6,11.8,1.0,1164.0,-5.0,2.72,0.0,104.54,-36.6,0.079207,0.001594,1310.42,19.245,8.68805,1468.52,22110.0
Yes,40.0,-0.13,0.59,-0.43,0.12,5.398,3.743,21.14,1.28,1.0,1351.0,-2.515,0.97,0.0,94.02,-30.4,0.175,0.000267,0.0,0.0,0.0,3.52418,7112.0
Yes,58.0,-0.44,0.06,-0.09,-1.09,7.139,3.579,40.85,0.28,1.0,201.0,-4.243,11.01,-3.79,59.43,-33.5,0.1875,8.8e-05,11.302,0.313136,0.0,0.0,9162.0
Yes,55.0,-0.01,-0.08,0.45,-1.1,2.979,3.276,36.72,27.0,2.0,944.0,-4.193,6.2,0.0,117.52,-49.4,0.144144,5.4e-05,1809.69,1200.89,18.0036,213.405,25979.0
Yes,46.0,-0.29,-0.22,0.37,-0.08,7.715,9.602,40652.0,19047.0,2.0,11123.0,-2.683,4.68,-4.16,60.51,-29.8,0.146666,1.6e-05,43.7669,519.057,46.1801,0.0,30338.0
Yes,29.0,-0.34,0.83,-0.17,-0.1,5.562,3.764,1768.28,107.0,1.0,963.0,-2.181,3.34,0.0,64.51,-22.8,0.153846,1.9e-05,18.2935,0.0,0.0,0.0,31028.0
Yes,51.0,-0.45,-0.16,0.25,-0.22,7.566,4.393,756.77,192633.33,1.0,6440.0,-6.886,6.81,0.0,82.0,-41.8,0.163265,4.7e-05,465.157,205.392,107.671,2.44132,14548.0
Yes,50.0,-0.73,0.15,-0.66,0.02,0.874,1.474,14.14,0.71,1.0,630.0,-4.177,6.64,-1.44,34.9,-28.0,0.253333,1.9e-05,11.0214,46.3239,0.0,2.71009,7580.0
Yes,45.0,-0.41,0.53,0.24,-0.18,0.914,2.686,0.57,0.71,1.0,2379.0,-2.371,4.36,-1.27,33.28,-35.9,0.181818,0.001044,0.0,0.119888,0.0,0.0,2909.0
Yes,40.0,-0.26,0.59,-1.59,-0.65,4.651,3.201,0.33,0.88,1.0,785.0,-3.297,4.62,0.0,175.92,-37.6,0.202127,3.3e-05,0.0,14.4251,0.0,0.0,17832.0
Yes,43.0,-0.62,-0.04,-0.26,0.12,1.082,3.513,187.55,177.22,2.0,674.0,-2.897,10.15,-27.63,25.86,-37.5,0.197802,0.016094,0.0,0.0,0.0,0.0,23182.0
Yes,42.0,-0.75,-0.05,-0.05,0.31,0.556,3.195,244.28,303.14,2.0,698.0,-0.955,8.95,-30.59,22.69,-37.8,0.24,0.000126,0.0,0.0,0.0,0.0,23497.0
Yes,39.0,0.24,-1.23,-0.96,-0.15,3.743,3.241,25.0,1426.44,4.0,2371.0,-1.583,3.66,0.0,89.26,-33.2,0.224489,0.000874,0.0,2.43809,0.0,0.0,10009.0
Yes,55.0,0.09,-0.19,0.25,-0.78,3.128,3.351,1.28,1.71,1.0,268.0,-3.415,1.04,0.0,87.2,-34.0,0.3,0.000579,40.9388,4.78606,0.0,4.90163,17669.0
Yes,41.0,-0.09,0.64,-1.23,-0.49,7.634,4.499,262.75,896.12,1.0,1392.0,-2.744,0.99,0.0,122.27,-41.3,0.082352,1.9e-05,0.0,357.189,3.75096,0.386932,12881.0
Yes,45.0,-0.4,0.73,-0.3,-0.47,4.76,3.604,230.1,0.5,2.0,1869.0,-3.79,11.49,0.0,94.13,-44.0,0.155963,1.6e-05,0.0,4.22755,0.0,0.0,3807.0
