Chromosome,Start,End,Length,Strand,GeneID
chr1,30366,30503,138,+,URS000075CC93_9606
chr1,1167863,1167952,90,+,URS000075A884_9606
chr1,1169005,1169087,83,+,URS000075B715_9606
chr1,1304729,1304812,84,-,URS0000ABD8DD_9606
chr1,3560695,3560790,96,-,URS000075E701_9606
chr1,8494800,8494913,114,-,URS00008E3A15_9606
chr1,11908154,11908272,119,+,URS000075DD00_9606
chr1,15542166,15542304,139,+,URS0000BC45E9_9606
chr1,16520585,16520658,74,-,URS00006E0DA7_9606
chr1,16532398,16532471,74,-,URS00006A56A1_9606
chr1,16535279,16535350,72,-,URS0000287398_9606
chr1,16545939,16546009,71,-,URS00004BF687_9606
chr1,16678271,16678341,71,-,URS00006B479B_9606
chr1,16680006,16680078,73,-,URS00007547BC_9606
chr1,16725566,16725638,73,+,URS0000730885_9606
chr1,16727285,16727355,71,+,URS00007131F2_9606
chr1,16872583,16872654,72,+,URS000064074C_9606
chr1,16875463,16875536,74,+,URS0000630A16_9606
chr1,16889677,16889750,74,+,URS00006AACBE_9606
chr1,28578743,28578822,80,-,URS000075A722_9606
chr1,28579764,28579893,130,-,URS00005D459D_9606
chr1,28580381,28580512,132,-,URS000002FDBC_9606
chr1,28580920,28581053,134,-,URS00006020BE_9606
chr1,30968163,30968237,75,-,URS000075AA41_9606
chr1,36418448,36418578,131,-,URS0000ABD892_9606
chr1,38089231,38089329,99,+,URS000075A969_9606
chr1,39567374,39567510,137,-,URS000027BAE7_9606
chr1,44670957,44671056,100,-,URS0000ABD825_9606
chr1,44721786,44721901,116,-,URS0000759ECB_9606
chr1,44731069,44731168,100,-,URS00007599E3_9606
chr1,44762035,44762107,73,+,URS0000ABD889_9606
chr1,44775865,44775938,74,+,URS000029360B_9606
chr1,44776492,44776589,98,+,URS0000010A7C_9606
chr1,44777842,44777912,71,+,URS00003640C3_9606
chr1,54957869,54957941,73,-,URS0000637361_9606
chr1,66628440,66628517,78,+,URS000075E1C7_9606
chr1,75787072,75787149,78,+,URS0000759A7B_9606
chr1,75787889,75787972,84,+,URS00000A3335_9606
chr1,75789477,75789547,71,+,URS00002F8E76_9606
chr1,85133794,85133873,80,+,URS000075CEC2_9606
chr1,92837289,92837383,95,+,URS00002E0A2C_9606
chr1,93516277,93516349,73,-,URS0000417A0F_9606
chr1,93846832,93846911,80,+,URS000075ABEC_9606
chr1,93847573,93847657,85,+,URS000047CD44_9606
chr1,112882050,112882129,80,+,URS0000D55839_9606
chr1,120476852,120476923,72,-,URS000071E42F_9606
chr1,120844262,120844335,74,-,URS00006E74AC_9606
chr1,120945289,120945362,74,+,URS00006A5671_9606
chr1,120952291,120952364,74,-,URS0000624B2D_9606
chr1,121006695,121006768,74,-,URS000073E651_9606
chr1,121016845,121016915,71,-,URS0000644222_9606
chr1,121020729,121020801,73,-,URS00002064F6_9606
chr1,121048432,121048505,74,-,URS0000698218_9606
chr1,143661182,143661253,72,-,URS000064FAB6_9606
chr1,143691474,143691545,72,+,URS00006365BC_9606
chr1,143720510,143720644,135,-,URS00006EF1CF_9606
chr1,143735920,143735993,74,-,URS00005A1E0D_9606
chr1,143789868,143789941,74,-,URS00007082D4_9606
chr1,143800041,143800111,71,-,URS0000676AD7_9606
chr1,143803994,143804066,73,-,URS000063F87E_9606
chr1,143831708,143831781,74,-,URS000070227A_9606
chr1,144419267,144419340,74,+,URS00006BE24E_9606
chr1,144567515,144567588,74,-,URS000059D2BF_9606
chr1,145129239,145129312,74,+,URS000068D6AF_9606
chr1,145157157,145157229,73,+,URS00001A86BB_9606
chr1,145459658,145459729,72,+,URS00006DBFC1_9606
chr1,145475381,145475454,74,-,URS00006430D9_9606
chr1,146035692,146035763,72,+,URS00004F0321_9606
chr1,146038044,146038115,72,+,URS000044BAE3_9606
chr1,146039401,146039473,73,+,URS00001AD596_9606
chr1,146049198,146049273,76,-,URS000074D670_9606
chr1,146370101,146370174,74,+,URS00006ABBAC_9606
chr1,146486572,146486645,74,-,URS000070D4B4_9606
chr1,147005201,147005272,72,-,URS00006DB5BB_9606
chr1,147084616,147084756,141,-,URS0000759C03_9606
chr1,148048516,148048589,74,-,URS0000712B90_9606
chr1,148328812,148328883,72,+,URS000071ACA6_9606
chr1,149740248,149740321,74,-,URS000063BB92_9606
chr1,150045406,150045476,71,-,URS0000647428_9606
chr1,150261694,150261797,104,+,URS00006A4586_9606
chr1,150551929,150552014,86,+,URS000075D1D5_9606
chr1,153671250,153671321,72,+,URS000030BAD5_9606
chr1,153689705,153689793,89,-,URS000075CB0F_9606
chr1,154193665,154193743,79,-,URS000075AE48_9606
chr1,154259727,154259862,136,+,URS000065E84A_9606
chr1,155195177,155195272,96,+,URS000075BA3A_9606
chr1,155919909,155920042,134,-,URS00003D5684_9606
chr1,155925958,155926086,129,-,URS00005C0742_9606
chr1,156936131,156936244,114,-,URS000068E793_9606
chr1,161440171,161440242,72,-,URS000068668E_9606
chr1,161440825,161440896,72,-,URS00006174C2_9606
chr1,161441533,161441615,83,+,URS000042F13F_9606
chr1,161443304,161443374,71,+,URS000063FB43_9606
chr1,161480566,161480636,71,+,URS00006D4584_9606
chr1,161523145,161523216,72,+,URS00007501FD_9606
chr1,161523847,161523917,71,-,URS000013B42D_9606
chr1,161540241,161540314,74,+,URS00006D0B93_9606
chr1,161604798,161604869,72,+,URS0000758548_9606
chr1,161611946,161612029,84,-,URS00006DCB39_9606
chr1,161612718,161612789,72,+,URS000062D4E8_9606
chr1,161621675,161621748,74,+,URS00006C6310_9606
chr1,167714725,167714796,72,+,URS00000C18F2_9606
chr1,173864146,173864222,77,-,URS000069573D_9606
chr1,173864369,173864445,77,-,URS0000507EBE_9606
chr1,173864833,173864903,71,-,URS000050BD61_9606
chr1,173865350,173865430,81,-,URS00001FCA45_9606
chr1,173866205,173866290,86,-,URS00008E3A4C_9606
chr1,173866635,173866715,81,-,URS0000361A8E_9606
chr1,173867674,173867745,72,-,URS000002951F_9606
chr1,180215141,180215213,73,-,URS000073ABD7_9606
chr1,193057281,193057415,135,-,URS000067D430_9606
chr1,193136503,193136583,81,+,URS0000759994_9606
chr1,198858873,198858982,110,-,URS0000530EBF_9606
chr1,201808611,201808702,92,+,URS000075A358_9606
chr1,201978461,201978595,135,+,URS00006625E3_9606
chr1,202003124,202003236,113,+,URS000075D24A_9606
chr1,203729581,203729705,125,+,URS00006C8370_9606
chr1,204506527,204506599,73,+,URS000022DD4A_9606
chr1,205474143,205474215,73,+,URS00006B98D7_9606
chr1,212352818,212352950,133,+,URS000048213C_9606
chr1,220200546,220200676,131,-,URS000068A4EE_9606
chr1,222465005,222465077,73,+,URS0000023412_9606
chr1,231019828,231019924,97,-,URS000075C9F5_9606
chr1,235127803,235127937,135,-,URS00005F2496_9606
chr1,241132272,241132346,75,+,URS0000759A78_9606
chr1,244854087,244854217,131,-,URS00008E395B_9606
chr10,5853711,5853783,73,-,URS000064D54F_9606
chr10,7186680,7186784,105,-,URS00008E39EC_9606
chr10,12725254,12725353,100,-,URS000075D317_9606
chr10,20551970,20552046,77,+,URS000075E335_9606
chr10,22563650,22563722,73,+,URS0000746081_9606
chr10,28073237,28073378,142,-,URS00008E3990_9606
chr10,32901334,32901472,139,-,URS00008E3A3E_9606
chr10,67764503,67764584,82,+,URS0000092302_9606
chr10,73126080,73126207,128,-,URS000069B54D_9606
chr10,100974985,100975084,100,+,URS000075A578_9606
chr10,104048089,104048186,98,-,URS00006D1120_9606
chr10,112634170,112634254,85,+,URS000075E4DB_9606
chr10,119060011,119060138,128,-,URS000033A30E_9606
chr11,568089,568198,110,-,URS00005FDE16_9606
chr11,811681,811814,134,+,URS00003E7565_9606
chr11,1880045,1880147,103,+,URS00007E3EE0_9606
chr11,2134134,2134209,76,-,URS000018B0EE_9606
chr11,2173063,2173138,76,+,URS000075D716_9606
chr11,2963771,2963893,123,-,URS00003CCCBE_9606
chr11,8684227,8684356,130,+,URS00002BF97D_9606
chr11,8685439,8685569,131,+,URS0000451E99_9606
chr11,9275243,9275316,74,+,URS00007142C3_9606
chr11,10801467,10801608,142,-,URS00003B57B1_9606
chr11,12163683,12163767,85,+,URS000075BAD8_9606
chr11,16925938,16926022,85,-,URS0000ABD896_9606
chr11,17074653,17074744,92,-,URS0000080E9E_9606
chr11,17075778,17075868,91,-,URS000032B59A_9606
chr11,27514970,27515047,78,-,URS000075DDE8_9606
chr11,34941837,34941920,84,+,URS000075B394_9606
chr11,43581394,43581483,90,+,URS00006515A6_9606
chr11,46451805,46451889,85,-,URS000075E12E_9606
chr11,46451807,46451887,81,+,URS000075D29F_9606
chr11,46762389,46762499,111,-,URS00006A5FBC_9606
chr11,47179611,47179737,127,-,URS000075C2C8_9606
chr11,50274708,50274779,72,-,URS000069E2A5_9606
chr11,59550629,59550701,73,-,URS000070B37B_9606
chr11,59551755,59551837,83,+,URS00006F940C_9606
chr11,59556429,59556501,73,+,URS000067474D_9606
chr11,59566380,59566452,73,-,URS00003A0C47_9606
chr11,62854621,62854695,75,-,URS000015A7CF_9606
chr11,62855012,62855083,72,-,URS000041615F_9606
chr11,62855292,62855366,75,-,URS0000197BB5_9606
chr11,64891137,64891246,110,-,URS00006ECF62_9606
chr11,64898363,64898437,75,-,URS000075D4B7_9606
chr11,66053144,66053228,85,+,URS000065912C_9606
chr11,66348120,66348201,82,+,URS00004CF258_9606
chr11,70283955,70284070,116,+,URS000075D3AD_9606
chr11,74399237,74399333,97,+,URS000075CCD2_9606
chr11,76235513,76235584,72,+,URS00005DB87D_9606
chr11,76235825,76235896,72,-,URS000062C4DE_9606
chr11,79402022,79402109,88,-,URS000062A2F0_9606
chr11,83041464,83041598,135,-,URS00006A2FF4_9606
chr11,88176502,88176593,92,+,URS0000759AF0_9606
chr11,90869121,90869202,82,-,URS000075992E_9606
chr11,93730513,93730646,134,-,URS00003818BD_9606
chr11,93730979,93731099,121,-,URS00004AEC70_9606
chr11,93731503,93731573,71,-,URS0000066733_9606
chr11,93732004,93732133,130,-,URS00004ACFCF_9606
chr11,93732361,93732499,139,-,URS00003A960A_9606
chr11,93733228,93733300,73,-,URS0000694F71_9606
chr11,93733466,93733597,132,-,URS0000202A89_9606
chr11,93735110,93735236,127,-,URS00002587B6_9606
chr11,100934274,100934378,105,+,URS00006868FF_9606
chr11,109165311,109165393,83,+,URS0000C8E9E7_9606
chr11,119190567,119190641,75,-,URS0000ABD875_9606
chr11,122559947,122560019,73,+,URS0000702883_9606
chr11,123058077,123058161,85,-,URS000081501D_9606
chr11,123058909,123058995,87,-,URS000071EB91_9606
chr11,123059335,123059422,88,-,URS000066E3F5_9606
chr11,133898504,133898581,78,-,URS000075C16F_9606
chr11,134151288,134151363,76,-,URS0000ABD845_9606
chr12,6581473,6581609,137,-,URS00001B2620_9606
chr12,27690373,27690445,73,+,URS000068C2BC_9606
chr12,47187812,47187891,80,+,URS000075C516_9606
chr12,48654382,48654518,137,-,URS0000552BBC_9606
chr12,48654444,48654530,87,-,URS000075D26F_9606
chr12,48656648,48656782,135,-,URS00002E5E66_9606
chr12,48667457,48667593,137,-,URS0000599BEA_9606
chr12,54337216,54337314,99,+,URS000075C16C_9606
chr12,56190364,56190445,82,+,URS0000278E1B_9606
chr12,56512865,56512980,116,+,URS00008E39AC_9606
chr12,56643680,56643754,75,-,URS000075A693_9606
chr12,56645027,56645101,75,-,URS00004BEE5E_9606
chr12,57824609,57824692,84,-,URS000075C1BF_9606
chr12,62260359,62260454,96,+,URS000075E538_9606
chr12,62603686,62603769,84,+,URS000075B982_9606
chr12,68627234,68627375,142,-,URS00006F2D78_9606
chr12,69584723,69584822,100,+,URS000075D18D_9606
chr12,80935736,80935833,98,-,URS000075D4B4_9606
chr12,94834398,94834513,116,+,URS0000476A52_9606
chr12,95308420,95308513,94,+,URS0000642F53_9606
chr12,98503503,98503574,72,+,URS000013899F_9606
chr12,98504252,98504323,72,+,URS000038F4B2_9606
chr12,104591633,104591716,84,+,URS000075D152_9606
chr12,112037599,112037715,117,-,URS000075B6BC_9606
chr12,119713634,119713724,91,-,URS000075AF6E_9606
chr12,122376377,122376447,71,+,URS000074C15B_9606
chr12,123364764,123364843,80,-,URS000075E12A_9606
chr12,123536409,123536534,126,+,URS000075C62E_9606
chr12,123616710,123616840,131,+,URS0000ABD7D7_9606
chr12,124927843,124927915,73,-,URS000029CCC5_9606
chr12,124939966,124940037,72,+,URS00006C8EDF_9606
chr13,27255064,27255135,72,+,URS0000446770_9606
chr13,27255401,27255526,126,+,URS00005F1DD0_9606
chr13,41455925,41455997,73,-,URS0000C8E9D0_9606
chr13,44917927,44917998,72,-,URS00003C9A26_9606
chr13,45336314,45336447,134,-,URS0000721537_9606
chr13,45337480,45337609,130,-,URS000019135F_9606
chr13,51552589,51552667,79,+,URS000075B9CF_9606
chr13,66218250,66218324,75,+,URS000075AFB5_9606
chr13,77698012,77698116,105,-,URS000075E1E9_9606
chr13,84783654,84783778,125,+,URS00008E3A02_9606
chr13,87618665,87618740,76,-,URS000075BADD_9606
chr13,90231182,90231277,96,+,URS0000759951_9606
chr13,95210344,95210448,105,+,URS00006A860A_9606
chr13,107531171,107531248,78,-,URS000075DCBB_9606
chr14,20326441,20326539,99,-,URS0000759F95_9606
chr14,20625370,20625451,82,+,URS0000637E4A_9606
chr14,20631160,20631232,73,-,URS000021550A_9606
chr14,20633006,20633077,72,+,URS0000493225_9606
chr14,20681690,20681762,73,+,URS00000F30A4_9606
chr14,21392150,21392253,104,-,URS000071BC75_9606
chr14,22956950,22957029,80,-,URS000075ED9B_9606
chr14,23417987,23418063,77,-,URS000075DEE7_9606
chr14,24143489,24143565,77,-,URS000075D920_9606
chr14,31014646,31014742,97,-,URS00006A55B0_9606
chr14,32202045,32202151,107,+,URS000021BDC3_9606
chr14,35762800,35762931,132,-,URS0000ABD812_9606
chr14,45110875,45110975,101,+,URS000075CB76_9606
chr14,58239895,58239967,73,-,URS00004D9E92_9606
chr14,71398337,71398407,71,+,URS00006F5E77_9606
chr14,72516820,72516898,79,+,URS000075E342_9606
chr14,72962971,72963042,72,+,URS000042C3BF_9606
chr14,81202695,81202834,140,-,URS00006868E5_9606
chr14,88979098,88979170,73,+,URS00006E0E1A_9606
chr14,91126426,91126552,127,+,URS000075BE3E_9606
chr14,93948226,93948302,77,-,URS000075A611_9606
chr14,100881007,100881120,114,+,URS000067427D_9606
chr14,100897920,100897996,77,+,URS00007014CB_9606
chr14,100911139,100911213,75,+,URS000075B235_9606
chr14,100927342,100927413,72,+,URS0000A7F2FF_9606
chr14,100929919,100929990,72,+,URS00006762EA_9606
chr14,100936491,100936565,75,+,URS000064C51A_9606
chr14,100938187,100938264,78,+,URS0000661285_9606
chr14,100939556,100939630,75,+,URS00006CC403_9606
chr14,100941126,100941202,77,+,URS00006B57E0_9606
chr14,100943451,100943524,74,+,URS0000729F65_9606
chr14,100945649,100945720,72,+,URS0000674865_9606
chr14,100949833,100949904,72,+,URS000067B8ED_9606
chr14,100951856,100951933,78,+,URS00007165EA_9606
chr14,100953349,100953423,75,+,URS00007234FC_9606
chr14,100954374,100954448,75,+,URS0000626DE9_9606
chr14,100957166,100957237,72,+,URS000072364D_9606
chr14,100963054,100963130,77,+,URS000071243C_9606
chr14,100966029,100966100,72,+,URS00006DFE33_9606
chr14,100967052,100967123,72,+,URS000064F2D2_9606
chr14,100968111,100968185,75,+,URS00006926AF_9606
chr14,100968948,100969022,75,+,URS0000676D30_9606
chr14,100969879,100969952,74,+,URS00006AF21F_9606
chr14,100972103,100972177,75,+,URS000069C4EF_9606
chr14,100972670,100972741,72,+,URS000063F2D8_9606
chr14,100974806,100974880,75,+,URS000064A1E7_9606
chr14,100975825,100975896,72,+,URS00006BDBF5_9606
chr14,100976477,100976551,75,+,URS00006FED88_9606
chr14,100981004,100981075,72,+,URS0000690AB9_9606
chr14,100981975,100982046,72,+,URS00006B8E06_9606
chr14,100982926,100982997,72,+,URS00006CE133_9606
chr14,100983876,100983947,72,+,URS00006EEEE6_9606
chr14,100984777,100984848,72,+,URS0000654D24_9606
chr14,100986057,100986128,72,+,URS00006F0FAC_9606
chr14,100987046,100987117,72,+,URS00006AAF5B_9606
chr14,100989130,100989201,72,+,URS00006E38EC_9606
chr14,100991919,100991990,72,+,URS00006CD872_9606
chr14,100993236,100993310,75,+,URS0000712A03_9606
chr14,101025732,101025817,86,+,URS000075AB81_9606
chr14,101030052,101030129,78,+,URS000075C2A9_9606
chr14,101041363,101041445,83,+,URS000075D97A_9606
chr14,101045920,101045994,75,+,URS000075A1A8_9606
chr14,101047321,101047398,78,+,URS0000759CA5_9606
chr14,101047901,101047979,79,+,URS000075D4A4_9606
chr14,101054306,101054381,76,+,URS000075ABA3_9606
chr14,101060573,101060674,102,+,URS000075BE7B_9606
chr14,101065300,101065378,79,+,URS0000759A5D_9606
chr14,101065447,101065537,91,+,URS00006FAA35_9606
chr14,103337849,103337974,126,+,URS00000F8A5F_9606
chr14,104117405,104117514,110,+,URS000075ACBD_9606
chr14,104117418,104117503,86,-,URS000075A5EE_9606
chr14,104865314,104865411,98,+,URS0000D54AC5_9606
chr14,105150778,105150864,87,-,URS000075DF12_9606
chr14,105858165,105858242,78,-,URS00007E49E4_9606
chr15,24981994,24982068,75,+,URS000061A08C_9606
chr15,25051476,25051572,97,+,URS000075CFA5_9606
chr15,25054209,25054305,97,+,URS000075D5DD_9606
chr15,25056859,25056955,97,+,URS000075E4E2_9606
chr15,25059537,25059634,98,+,URS000075E49E_9606
chr15,25062332,25062428,97,+,URS000075D440_9606
chr15,25065025,25065122,98,+,URS000075DEE9_9606
chr15,25070431,25070527,97,+,URS000075EAB9_9606
chr15,25074113,25074216,104,+,URS000075BDA0_9606
chr15,25075928,25076021,94,+,URS0000759A7F_9606
chr15,25077050,25077143,94,+,URS000075B1B4_9606
chr15,25079057,25079150,94,+,URS000075B2D2_9606
chr15,25080141,25080234,94,+,URS000075ABAA_9606
chr15,25081286,25081379,94,+,URS0000759D60_9606
chr15,25082767,25082860,94,+,URS000075B1D8_9606
chr15,25083587,25083680,94,+,URS000075E0F0_9606
chr15,25085384,25085477,94,+,URS000075CDDE_9606
chr15,25087661,25087754,94,+,URS000075BAB3_9606
chr15,25088803,25088896,94,+,URS000075AF3E_9606
chr15,25089922,25090015,94,+,URS0000759AA2_9606
chr15,25091785,25091878,94,+,URS000075AC87_9606
chr15,25094036,25094129,94,+,URS000075C953_9606
chr15,25097662,25097755,94,+,URS000075A82F_9606
chr15,25099498,25099595,98,+,URS000075B7EC_9606
chr15,25101574,25101667,94,+,URS000075E9CA_9606
chr15,25104641,25104733,93,+,URS000075D211_9606
chr15,25106520,25106604,85,+,URS000075A9AB_9606
chr15,25108268,25108352,85,+,URS000064972A_9606
chr15,25170723,25170804,82,+,URS00006E53B3_9606
chr15,25172635,25172716,82,+,URS0000211ABF_9606
chr15,25174927,25175008,82,+,URS0000644A2D_9606
chr15,25176832,25176913,82,+,URS00004F749B_9606
chr15,25178738,25178819,82,+,URS00006D9C39_9606
chr15,25180497,25180578,82,+,URS00003D289D_9606
chr15,25182385,25182466,82,+,URS0000660917_9606
chr15,25184306,25184387,82,+,URS00003707F2_9606
chr15,25185631,25185712,82,+,URS0000556628_9606
chr15,25187536,25187616,81,+,URS00004632D2_9606
chr15,25189414,25189495,82,+,URS00000F2AEF_9606
chr15,25193321,25193402,82,+,URS00002B9640_9606
chr15,25194921,25195001,81,+,URS00003BBC7E_9606
chr15,25197576,25197656,81,+,URS000000DAFC_9606
chr15,25199448,25199529,82,+,URS00005CE711_9606
chr15,25201323,25201404,82,+,URS00003289D2_9606
chr15,25206262,25206343,82,+,URS0000104326_9606
chr15,25208083,25208163,81,+,URS00000F4646_9606
chr15,25209918,25209999,82,+,URS000008F76B_9606
chr15,25211796,25211877,82,+,URS0000294E00_9606
chr15,25213659,25213729,71,+,URS00005D0E18_9606
chr15,25215541,25215622,82,+,URS00006C197B_9606
chr15,25218617,25218698,82,+,URS000057460D_9606
chr15,25220503,25220578,76,+,URS00003E4134_9606
chr15,25222354,25222427,74,+,URS000040E3BD_9606
chr15,25225203,25225284,82,+,URS00003737BE_9606
chr15,25227109,25227190,82,+,URS00003357E8_9606
chr15,25228967,25229048,82,+,URS0000625D45_9606
chr15,25230838,25230919,82,+,URS00001D3737_9606
chr15,25232387,25232468,82,+,URS000035BEB3_9606
chr15,25234247,25234328,82,+,URS0000682126_9606
chr15,25237986,25238067,82,+,URS00006EED37_9606
chr15,25239838,25239919,82,+,URS000065B7B7_9606
chr15,25241746,25241827,82,+,URS000068E625_9606
chr15,25243614,25243695,82,+,URS0000713B2F_9606
chr15,25245478,25245559,82,+,URS000071C0E6_9606
chr15,25247345,25247426,82,+,URS000069A5FA_9606
chr15,25250859,25250940,82,+,URS00006346FD_9606
chr15,25266591,25266661,71,+,URS0000677DD8_9606
chr15,25269783,25269858,76,+,URS0000147674_9606
chr15,36972821,36972901,81,-,URS000075B70B_9606
chr15,43793659,43793759,101,-,URS000075D475_9606
chr15,45537251,45537379,129,+,URS0000ABD828_9606
chr15,50360329,50360410,82,+,URS000075E004_9606
chr15,51314032,51314107,76,-,URS000075D294_9606
chr15,52277117,52277200,84,-,URS000075C31A_9606
chr15,57278567,57278657,91,-,URS0000ABD8E4_9606
chr15,59171183,59171262,80,-,URS000075B884_9606
chr15,62304658,62304734,77,-,URS000075CB49_9606
chr15,65285461,65285591,131,-,URS00006602E1_9606
chr15,65696833,65696936,104,-,URS00006BABCA_9606
chr15,66347206,66347342,137,-,URS0000180559_9606
chr15,66496958,66497034,77,-,URS000075B6F7_9606
chr15,66502811,66502910,100,-,URS0000535D45_9606
chr15,67839939,67840045,107,-,URS00001EC8D7_9606
chr15,70079372,70079468,97,-,URS000075CA16_9606
chr15,80841978,80842073,96,-,URS00006468AB_9606
chr15,82755945,82756071,127,+,URS00005172B7_9606
chr15,89335073,89335145,73,+,URS00000CC06A_9606
chr15,89850637,89850721,85,-,URS000075C8B4_9606
chr16,636736,636806,71,-,URS0000502C74_9606
chr16,1962334,1962466,133,-,URS0000034D55_9606
chr16,1962973,1963106,134,-,URS0000210FD6_9606
chr16,1965184,1965310,127,+,URS00006D48F7_9606
chr16,2155023,2155105,83,-,URS000053336F_9606
chr16,2271747,2271840,94,+,URS0000699E19_9606
chr16,2796408,2796532,125,-,URS0000724753_9606
chr16,3152900,3152972,73,+,URS000005A7A9_9606
chr16,3157405,3157477,73,-,URS00006C58BC_9606
chr16,3164938,3165010,73,+,URS0000677265_9606
chr16,3180554,3180626,73,-,URS00006C0A49_9606
chr16,3191501,3191573,73,+,URS0000659544_9606
chr16,3191989,3192060,72,+,URS000072540A_9606
chr16,3193918,3193990,73,+,URS0000690130_9606
chr16,14285893,14285964,72,+,URS00001D9AFB_9606
chr16,16309879,16309966,88,+,URS000075A4D6_9606
chr16,22195711,22195792,82,-,URS000005AEAB_9606
chr16,30419625,30419759,135,-,URS000063D36F_9606
chr16,30710537,30710665,129,+,URS000022C1CA_9606
chr16,56858518,56858601,84,+,URS000075A54D_9606
chr16,57299951,57300033,83,+,URS00000FB60D_9606
chr16,58548499,58548633,135,-,URS0000018549_9606
chr16,58559796,58559931,136,-,URS0000013F57_9606
chr16,69708572,69708675,104,-,URS0000729D3D_9606
chr16,70529509,70529588,80,+,URS0000729A81_9606
chr16,70538005,70538098,94,+,URS00006D333F_9606
chr16,70778211,70778281,71,-,URS000009AC8B_9606
chr16,70788694,70788764,71,+,URS00006ABCCE_9606
chr16,71426493,71426565,73,+,URS00006E998F_9606
chr16,71698567,71698701,135,-,URS00004A7D23_9606
chr16,71758402,71758487,86,-,URS00006A38AA_9606
chr16,73478317,73478389,73,-,URS00006587E4_9606
chr16,81385018,81385093,76,+,URS000075B68E_9606
chr16,82688931,82689019,89,+,URS000075BACA_9606
chr16,87384022,87384094,73,-,URS000072890F_9606
chr16,89561430,89561501,72,+,URS000075D268_9606
chr17,1022476,1022559,84,-,URS000075EA21_9606
chr17,1713903,1713987,85,-,URS00003A4D14_9606
chr17,2329125,2329210,86,-,URS0000269B1D_9606
chr17,2330279,2330370,92,-,URS000030BA79_9606
chr17,7574713,7574847,135,+,URS0000438819_9606
chr17,7576811,7576952,142,+,URS0000706530_9606
chr17,7577955,7578091,137,+,URS00004C8BD1_9606
chr17,7906123,7906260,138,+,URS000075DDD9_9606
chr17,8120314,8120395,82,-,URS00001B506A_9606
chr17,8138881,8138962,82,-,URS00001C3F54_9606
chr17,8139452,8139525,74,-,URS000023FFA7_9606
chr17,8144994,8145071,78,-,URS000075DF7D_9606
chr17,8173452,8173588,137,-,URS00021EDA78_9606
chr17,8187160,8187233,74,+,URS00000A1A88_9606
chr17,8220869,8220940,72,-,URS00001618FC_9606
chr17,8221548,8221619,72,+,URS0000716B70_9606
chr17,8226991,8227064,74,-,URS000065FE51_9606
chr17,16440036,16440106,71,+,URS00003B08B2_9606
chr17,16441226,16441298,73,+,URS00006B6C71_9606
chr17,19603274,19603345,72,-,URS00007106A3_9606
chr17,19860862,19860932,71,+,URS0000684E4B_9606
chr17,27293910,27293996,87,-,URS0000114517_9606
chr17,28360654,28360734,81,+,URS000075B42B_9606
chr17,28722582,28722653,72,+,URS000046CCFB_9606
chr17,28723681,28723754,74,+,URS0000456F03_9606
chr17,28861533,28861618,86,-,URS000075BB92_9606
chr17,31094350,31094425,76,-,URS0000759B05_9606
chr17,31550074,31550145,72,+,URS00002D4542_9606
chr17,35573657,35573753,97,+,URS00005D7632_9606
chr17,37614931,37615039,109,-,URS000075C0D8_9606
chr17,38833722,38833793,72,-,URS00006B9174_9606
chr17,38851524,38851658,135,-,URS0000ABD867_9606
chr17,38852863,38852995,133,-,URS00004EA987_9606
chr17,38861684,38861755,72,-,URS0000646601_9606
chr17,38869292,38869363,72,-,URS000014D40F_9606
chr17,40027542,40027645,104,-,URS000062A15C_9606
chr17,40117300,40117373,74,-,URS0000622C87_9606
chr17,48156427,48156511,85,-,URS000075D682_9606
chr17,49192528,49192599,72,+,URS000035EE7E_9606
chr17,50768650,50768730,81,+,URS000075E022_9606
chr17,56891270,56891355,86,-,URS000075E293_9606
chr17,60231516,60231645,130,-,URS000075C168_9606
chr17,60786232,60786302,71,+,URS00007047C1_9606
chr17,64146078,64146157,80,+,URS00000C304D_9606
chr17,64146339,64146471,133,+,URS0000726F61_9606
chr17,64530800,64530873,74,-,URS00006E1AD1_9606
chr17,67740670,67740801,132,+,URS000075B384_9606
chr17,68019897,68019969,73,-,URS000059900F_9606
chr17,69099542,69099656,115,+,URS000075BC45_9606
chr17,75033906,75033978,73,+,URS00002D7BB5_9606
chr17,75034431,75034503,73,-,URS0000390F3A_9606
chr17,75035113,75035185,73,+,URS000066103F_9606
chr17,75406069,75406162,94,+,URS000075DF0D_9606
chr17,76561108,76561193,86,+,URS000031EDF0_9606
chr17,76561633,76561706,74,+,URS00002EC433_9606
chr17,76736450,76736548,99,-,URS000062E57E_9606
chr17,81125276,81125373,98,-,URS000070FFCE_9606
chr17,81133196,81133308,113,-,URS000075AF0B_9606
chr17,82668233,82668307,75,-,URS000075E1F1_9606
chr18,13611114,13611200,87,+,URS000075F0CA_9606
chr18,46089305,46089377,73,-,URS0000679FAF_9606
chr18,49489235,49489324,90,-,URS000075DF00_9606
chr18,53237101,53237190,90,+,URS00007E4A4B_9606
chr18,54222284,54222412,129,-,URS000037D7AE_9606
chr18,58600620,58600752,133,+,URS00008E3A72_9606
chr19,2250639,2250718,80,+,URS000075E6AC_9606
chr19,4724070,4724141,72,+,URS00000AED6F_9606
chr19,4724635,4724707,73,-,URS00002B4CE5_9606
chr19,4770670,4770779,110,+,URS00004C38BB_9606
chr19,8389290,8389380,91,-,URS000075A513_9606
chr19,10107651,10107735,85,+,URS0000467AB5_9606
chr19,10109749,10109840,92,+,URS000075DF1C_9606
chr19,10552122,10552204,83,+,URS000075A0EE_9606
chr19,12703597,12703671,75,-,URS00008E3980_9606
chr19,14073361,14073479,119,+,URS000075B871_9606
chr19,14529543,14529640,98,+,URS00006BE831_9606
chr19,14622213,14622351,139,+,URS00008E3967_9606
chr19,17092235,17092365,131,+,URS0000ABD8D8_9606
chr19,17862588,17862720,133,+,URS00005357F7_9606
chr19,32608337,32608469,133,-,URS00006ACA80_9606
chr19,35575848,35575920,73,+,URS000067F671_9606
chr19,39468222,39468293,72,+,URS0000ABD7D4_9606
chr19,45674928,45675024,97,+,URS000069A81A_9606
chr19,46018932,46019049,118,+,URS000075D819_9606
chr19,46830585,46830704,120,-,URS00001510FE_9606
chr19,47226944,47227019,76,-,URS000075D085_9606
chr19,47755853,47755962,110,+,URS00006D051B_9606
chr19,47907678,47907799,122,+,URS000010A63C_9606
chr19,47913051,47913170,120,+,URS0000405895_9606
chr19,47918429,47918550,122,+,URS00003848F7_9606
chr19,47923779,47923899,121,+,URS00004E56CF_9606
chr19,47939541,47939660,120,+,URS0000268556_9606
chr19,47950296,47950414,119,+,URS000041911A_9606
chr19,49031669,49031787,119,-,URS00004E5347_9606
chr19,49037020,49037147,128,+,URS00005D5557_9606
chr19,49489966,49490047,82,+,URS000050B350_9606
chr19,49490617,49490699,83,+,URS000008DC88_9606
chr19,49491175,49491260,86,+,URS000026935A_9606
chr19,49497719,49497806,88,+,URS00005F7BA1_9606
chr19,50133745,50133864,120,-,URS000002A4F1_9606
chr19,50140202,50140320,119,-,URS000046AB44_9606
chr19,50604963,50605085,123,+,URS000028A228_9606
chr19,50799029,50799125,97,-,URS000075D592_9606
chr19,50799439,50799535,97,-,URS000075DD61_9606
chr19,50802325,50802421,97,-,URS000075A57C_9606
chr19,51692786,51692864,79,+,URS000075DE48_9606
chr19,51693254,51693339,86,+,URS000075D168_9606
chr19,51922140,51922213,74,-,URS0000C8E9E8_9606
chr19,53666679,53666762,84,+,URS000075DF19_9606
chr19,53669157,53669254,98,+,URS000075A8E9_9606
chr19,53686469,53686555,87,+,URS00006D6710_9606
chr19,53695213,53695293,81,+,URS000075EA92_9606
chr19,53697533,53697617,85,+,URS000075E848_9606
chr19,53700015,53700101,87,+,URS000062EA49_9606
chr19,53713347,53713434,88,+,URS00006656A0_9606
chr19,53741313,53741407,95,+,URS0000759A4A_9606
chr19,53754018,53754102,85,+,URS00006512AF_9606
chr2,10446714,10446849,136,-,URS0000647500_9606
chr2,19348429,19348505,77,+,URS000075B5E8_9606
chr2,27996367,27996449,83,+,URS000075E72B_9606
chr2,28913662,28913750,89,+,URS000075E488_9606
chr2,28927983,28928060,78,+,URS00006C2FB0_9606
chr2,30054702,30054774,73,+,URS00006293D9_9606
chr2,30187434,30187566,133,+,URS000063B35D_9606
chr2,32532153,32532246,94,+,URS00006DB970_9606
chr2,35471405,35471486,82,+,URS000075C730_9606
chr2,47377675,47377770,96,+,URS000075B15D_9606
chr2,52702522,52702615,94,-,URS000075D2EB_9606
chr2,53849122,53849205,84,-,URS000075A917_9606
chr2,55982967,55983076,110,-,URS0000060B2B_9606
chr2,61417244,61417377,134,-,URS000075EAA3_9606
chr2,64340759,64340839,81,+,URS000075C7DE_9606
chr2,69520044,69520171,128,-,URS0000759BE6_9606
chr2,77954907,77955026,120,-,URS0000216B3C_9606
chr2,86135870,86136006,137,+,URS00005ACA64_9606
chr2,86193026,86193108,83,-,URS000075AE20_9606
chr2,96214639,96214762,124,+,URS0000ABD8C0_9606
chr2,101272936,101273049,114,-,URS0000633321_9606
chr2,110658150,110658249,100,-,URS00008E3A41_9606
chr2,132433711,132433820,110,+,URS0000D55C1E_9606
chr2,135136628,135136755,128,+,URS00006607B4_9606
chr2,135665397,135665478,82,+,URS00002D9CBA_9606
chr2,156400769,156400840,72,+,URS00006F4537_9606
chr2,164687643,164687777,135,-,URS00006E0411_9606
chr2,169816279,169816378,100,+,URS0000A95150_9606
chr2,189133036,189133111,76,-,URS000075992D_9606
chr2,197486788,197486903,116,-,URS00008E3A35_9606
chr2,202276431,202276518,88,+,URS0000679D94_9606
chr2,202278113,202278187,75,+,URS0000ABD8C9_9606
chr2,202291317,202291428,112,+,URS000075ED7D_9606
chr2,202293051,202293134,84,+,URS000063A91D_9606
chr2,206162228,206162359,132,+,URS0000488BFE_9606
chr2,212926257,212926336,80,-,URS000075D852_9606
chr2,214846947,214847081,135,+,URS00006EE874_9606
chr2,217900513,217900628,116,-,URS000075C238_9606
chr2,219294111,219294200,90,-,URS0000111CD2_9606
chr2,219549073,219549147,75,-,URS000075E739_9606
chr2,231455800,231455936,137,-,URS00004640CB_9606
chr2,231456444,231456523,80,-,URS000053D4AB_9606
chr2,231460368,231460442,75,-,URS00005160A3_9606
chr2,239943015,239943094,80,-,URS000075B733_9606
chr2,240456001,240456089,89,+,URS000071F654_9606
chr20,2462952,2463047,96,-,URS000075EC44_9606
chr20,2654212,2654286,75,+,URS000062ED01_9606
chr20,2655067,2655198,132,+,URS00004F2BDE_9606
chr20,2656097,2656182,86,+,URS00003D103A_9606
chr20,2656624,2656694,71,+,URS0000434604_9606
chr20,2656939,2657010,72,+,URS0000406CED_9606
chr20,34466325,34466418,94,+,URS000067B227_9606
chr20,38427306,38427443,138,-,URS00002B3FE4_9606
chr20,38429667,38429804,138,-,URS000075C26A_9606
chr20,38433862,38433999,138,-,URS000075BE5B_9606
chr20,38448083,38448218,136,+,URS00005B5A80_9606
chr20,38449369,38449504,136,+,URS0000468B49_9606
chr20,47166967,47167058,92,+,URS000075D53C_9606
chr20,49278945,49279023,79,+,URS0000359B05_9606
chr20,49280313,49280415,103,+,URS000075BC17_9606
chr20,49280683,49280772,90,+,URS00006B5455_9606
chr20,54068408,54068485,78,-,URS000075E58C_9606
chr20,57321502,57321591,90,-,URS000075D040_9606
chr20,63942631,63942726,96,-,URS000075B0C4_9606
chr21,8205315,8205406,92,+,URS00007B0327_9606
chr21,16284696,16284768,73,-,URS000064D7D2_9606
chr21,16590237,16590325,89,+,URS000058997A_9606
chr21,23079284,23079392,109,+,URS000075ADF6_9606
chr21,30375294,30375378,85,-,URS000075A16C_9606
chr21,32377187,32377322,136,-,URS000068824B_9606
chr22,17764180,17764259,80,-,URS000075A8F7_9606
chr22,17980868,17980961,94,-,URS000063524F_9606
chr22,19963753,19963834,82,+,URS000075D5DB_9606
chr22,20085746,20085833,88,+,URS000075BA45_9606
chr22,20126402,20126526,125,+,URS00006FB8B0_9606
chr22,20249134,20249211,78,-,URS000075C8A9_9606
chr22,21653304,21653385,82,+,URS000075E379_9606
chr22,27920525,27920612,88,-,URS0000759D84_9606
chr22,29333163,29333258,96,-,URS000068C891_9606
chr22,33704786,33704920,135,-,URS00006CD075_9606
chr22,35336721,35336799,79,-,URS000075DCF8_9606
chr22,37844272,37844371,100,-,URS000075ABB5_9606
chr22,39313819,39313911,93,-,URS000027315D_9606
chr22,39315213,39315307,95,-,URS000054DD16_9606
chr22,41073602,41073721,120,-,URS0000ABD8D1_9606
chr22,44150657,44150740,84,+,URS0000C8E9EB_9606
chr22,46113566,46113657,92,+,URS000075D58D_9606
chr22,50407442,50407524,83,+,URS0000D51B4C_9606
chr3,5250177,5250255,79,-,URS000075DA49_9606
chr3,12840312,12840450,139,-,URS00003852FE_9606
chr3,15873771,15873849,79,+,URS000070CB5A_9606
chr3,44861888,44861981,94,+,URS000075A5C3_9606
chr3,45688999,45689071,73,-,URS00002DDD59_9606
chr3,47250517,47250609,93,-,URS0000ABD82C_9606
chr3,47661565,47661694,130,-,URS0000ABD814_9606
chr3,48316360,48316459,100,-,URS000075F01D_9606
chr3,48578902,48578977,76,-,URS000075B4E6_9606
chr3,48644194,48644280,87,-,URS000075E948_9606
chr3,52689240,52689315,76,+,URS000075BFE5_9606
chr3,52690738,52690830,93,+,URS000075A742_9606
chr3,52692736,52692812,77,+,URS00006292A1_9606
chr3,71541970,71542089,120,-,URS000075AFA3_9606
chr3,85062153,85062264,112,-,URS00008E39CA_9606
chr3,85385710,85385792,83,+,URS00007599C8_9606
chr3,87226189,87226277,89,-,URS000075C440_9606
chr3,116850277,116850367,91,-,URS000075D28E_9606
chr3,124374332,124374437,106,+,URS000075EBE3_9606
chr3,129397210,129397348,139,-,URS00006F6999_9606
chr3,132229100,132229171,72,-,URS00006D9244_9606
chr3,132231798,132231869,72,-,URS00003A8311_9606
chr3,148503441,148503522,82,-,URS00007317AF_9606
chr3,171106664,171106759,96,-,URS0000685928_9606
chr3,183451859,183451990,132,+,URS0000ABD811_9606
chr3,183453814,183453946,133,+,URS0000ABD7E5_9606
chr3,184241405,184241489,85,+,URS00006378D3_9606
chr3,184325696,184325771,76,+,URS00006A65B9_9606
chr3,184648307,184648377,71,-,URS00006580F4_9606
chr3,186786323,186786447,125,+,URS0000ABD7DA_9606
chr3,186787299,186787433,135,+,URS00004B4AC7_9606
chr3,186787613,186787749,137,+,URS000000AB5A_9606
chr3,189829922,189830009,88,+,URS0000663F9C_9606
chr3,195134506,195134580,75,-,URS000075C865_9606
chr4,1974636,1974760,125,+,URS00003B6A48_9606
chr4,4664326,4664423,98,+,URS0000ABD855_9606
chr4,7460028,7460118,91,+,URS000075A146_9606
chr4,17320746,17320882,137,-,URS00006BA8E0_9606
chr4,52713249,52713370,122,+,URS00006810EA_9606
chr4,82753337,82753430,94,-,URS000064FA6C_9606
chr4,82895853,82895928,76,-,URS0000A76B4D_9606
chr4,82898140,82898225,86,-,URS0000A76DCB_9606
chr4,100395127,100395247,121,-,URS0000A769E6_9606
chr4,118279190,118279320,131,+,URS000029D639_9606
chr4,151102057,151102131,75,+,URS0000ABD843_9606
chr4,182169293,182169378,86,+,URS000075B9BC_9606
chr5,8460925,8460999,75,+,URS000075DE80_9606
chr5,9548827,9548914,88,+,URS000075A19D_9606
chr5,10478037,10478145,109,+,URS000075A98A_9606
chr5,14463983,14464067,85,+,URS0000ABD7F6_9606
chr5,14652278,14652382,105,-,URS00008E397A_9606
chr5,26198430,26198502,73,-,URS00007217B5_9606
chr5,40832656,40832735,80,-,URS000071E913_9606
chr5,55170532,55170622,91,-,URS00006A0D74_9606
chr5,69160808,69160939,132,+,URS00006649B8_9606
chr5,69539161,69539264,104,-,URS00006CAD88_9606
chr5,77080434,77080571,138,-,URS0000723018_9606
chr5,83064204,83064337,134,-,URS00005A2612_9606
chr5,110513829,110513915,87,-,URS000075B2BD_9606
chr5,112161485,112161617,133,+,URS00001BD443_9606
chr5,132365490,132365599,110,-,URS000075A25E_9606
chr5,133427596,133427706,111,-,URS000075B3E2_9606
chr5,134225757,134225852,96,+,URS0000759DAE_9606
chr5,136080491,136080598,108,-,URS0000A76E3A_9606
chr5,137647572,137647649,78,-,URS000036AFF1_9606
chr5,138558969,138559041,73,-,URS0000ABD834_9606
chr5,140711276,140711373,98,+,URS00005CCF67_9606
chr5,140718926,140719013,88,+,URS0000000A8C_9606
chr5,140726159,140726246,88,+,URS000058CD99_9606
chr5,142394423,142394494,72,-,URS000064A807_9606
chr5,149428918,149429023,106,+,URS0000008A99_9606
chr5,149430646,149430733,88,+,URS00004F4657_9606
chr5,160474402,160474483,82,+,URS000075AADA_9606
chr5,168560896,168560973,78,-,URS0000561D92_9606
chr5,171366118,171366252,135,+,URS000072EF54_9606
chr5,171386656,171386760,105,-,URS0000759CA1_9606
chr5,172662165,172662263,99,+,URS000075A1B0_9606
chr5,176367946,176368031,86,+,URS000075C9F1_9606
chr5,180015303,180015397,95,-,URS000075C604_9606
chr5,181097474,181097555,82,-,URS0000630B8A_9606
chr5,181187701,181187782,82,+,URS0000120E41_9606
chr5,181188416,181188488,73,-,URS0000161979_9606
chr5,181188854,181188925,72,-,URS00002D40C8_9606
chr5,181191687,181191758,72,-,URS000068C296_9606
chr5,181206868,181206939,72,+,URS000061F57C_9606
chr5,181241818,181241889,72,-,URS00002C37BE_9606
chr6,2854031,2854107,77,-,URS000075BC80_9606
chr6,8086408,8086533,126,-,URS0000759B0C_9606
chr6,10439717,10439794,78,+,URS000075B8DC_9606
chr6,18571784,18571880,97,+,URS000075E715_9606
chr6,18836171,18836242,72,+,URS0000415026_9606
chr6,26299677,26299749,73,+,URS0000677EA0_9606
chr6,26311196,26311267,72,-,URS00002901EC_9606
chr6,26312596,26312677,82,-,URS00006D4008_9606
chr6,26319102,26319173,72,-,URS0000222FD2_9606
chr6,26322818,26322890,73,+,URS00006D69C0_9606
chr6,26327589,26327670,82,+,URS000038D8D3_9606
chr6,26328140,26328212,73,+,URS0000416E93_9606
chr6,26553503,26553574,72,+,URS00006FC298_9606
chr6,26554122,26554195,74,+,URS0000610FFE_9606
chr6,26571864,26571936,73,-,URS000052A1C9_9606
chr6,26673362,26673434,73,+,URS00006EB848_9606
chr6,26682487,26682559,73,+,URS0000636BA8_9606
chr6,26687257,26687329,73,+,URS0000652AB1_9606
chr6,26701483,26701555,73,+,URS00006F50E3_9606
chr6,26705377,26705449,73,+,URS00006B603C_9606
chr6,26720992,26721065,74,-,URS00007063CB_9606
chr6,26728053,26728125,73,+,URS00006CA4D9_9606
chr6,26730534,26730606,73,+,URS0000643F30_9606
chr6,26735370,26735442,73,-,URS0000703910_9606
chr6,26749912,26749984,73,-,URS0000681553_9606
chr6,27091742,27091813,72,+,URS00006744D5_9606
chr6,27097306,27097387,82,+,URS000047EBB5_9606
chr6,27150243,27150315,73,+,URS00007578A8_9606
chr6,27162271,27162344,74,+,URS00006B0F93_9606
chr6,27206088,27206160,73,-,URS0000732DD4_9606
chr6,27209849,27209930,82,+,URS00002BF476_9606
chr6,27230555,27230637,83,-,URS0000716955_9606
chr6,27235509,27235581,73,+,URS000073A2F5_9606
chr6,27273960,27274033,74,+,URS00006560DC_9606
chr6,27275211,27275284,74,-,URS0000626F0F_9606
chr6,27280270,27280342,73,-,URS000009DDCA_9606
chr6,27290626,27290698,73,+,URS0000753215_9606
chr6,27295433,27295504,72,+,URS00006DA515_9606
chr6,27297996,27298077,82,+,URS0000664EAD_9606
chr6,27303789,27303860,72,-,URS00006708BB_9606
chr6,27334990,27335062,73,-,URS000071C635_9606
chr6,27505828,27505909,82,-,URS000024B38F_9606
chr6,27532208,27532289,82,+,URS0000520742_9606
chr6,27541775,27541856,82,-,URS00006C14B2_9606
chr6,27545689,27545770,82,+,URS000037D0FB_9606
chr6,27547752,27547823,72,-,URS0000429B3F_9606
chr6,27553413,27553494,82,-,URS000071DF37_9606
chr6,27576067,27576139,73,+,URS00006494BB_9606
chr6,27591814,27591886,73,-,URS000072A930_9606
chr6,27605638,27605745,108,-,URS0000572B72_9606
chr6,27618356,27618429,74,+,URS000066989E_9606
chr6,27650928,27651000,73,-,URS0000750232_9606
chr6,27668583,27668656,74,+,URS0000692D68_9606
chr6,27672450,27672531,82,-,URS0000530C88_9606
chr6,27688188,27688261,74,+,URS00006C8412_9606
chr6,27721119,27721201,83,-,URS0000625435_9606
chr6,27726694,27726767,74,+,URS00006A047B_9606
chr6,27728548,27728620,73,-,URS000074CCCF_9606
chr6,27777885,27777956,72,+,URS0000121433_9606
chr6,27791356,27791427,72,-,URS000064F320_9606
chr6,28213037,28213118,82,+,URS000067AC87_9606
chr6,28474552,28474625,74,-,URS000065464E_9606
chr6,28478623,28478704,82,-,URS00005B7465_9606
chr6,28488993,28489066,74,-,URS000071D869_9606
chr6,28543114,28543186,73,-,URS00001F9D54_9606
chr6,28589379,28589450,72,+,URS000070F1D2_9606
chr6,28597340,28597421,82,-,URS00002034DC_9606
chr6,28607156,28607227,72,+,URS000047C79B_9606
chr6,28643445,28643516,72,+,URS0000727FD6_9606
chr6,28648207,28648280,74,-,URS0000231E4E_9606
chr6,28658237,28658308,72,-,URS0000209048_9606
chr6,28673836,28673907,72,-,URS00005B30A9_9606
chr6,28695932,28696003,72,-,URS00006D68C3_9606
chr6,28710589,28710660,72,+,URS0000677B31_9606
chr6,28719704,28719775,72,+,URS0000282AB2_9606
chr6,28726018,28726091,74,+,URS00006F6EA6_9606
chr6,28729315,28729386,72,+,URS000038D768_9606
chr6,28742952,28743024,73,-,URS00001D909A_9606
chr6,28747744,28747816,73,+,URS00006CC2CC_9606
chr6,28758364,28758435,72,-,URS00006C133C_9606
chr6,28763597,28763670,74,-,URS0000651E1C_9606
chr6,28795964,28796035,72,-,URS000063E4FD_9606
chr6,28802800,28802870,71,-,URS00001D4EE9_9606
chr6,28944575,28944647,73,+,URS000025E031_9606
chr6,28989002,28989083,82,+,URS000064506B_9606
chr6,29582252,29582328,77,+,URS000075DEC0_9606
chr6,30890883,30890972,90,+,URS000075D4A6_9606
chr6,31536374,31536449,76,-,URS00002F13BD_9606
chr6,31541101,31541178,78,-,URS00002B7232_9606
chr6,31623079,31623210,132,+,URS00000B589B_9606
chr6,33698128,33698234,107,+,URS000075EA68_9606
chr6,33999972,34000051,80,-,URS00006C1415_9606
chr6,44254206,44254285,80,-,URS000075D03E_9606
chr6,44435641,44435722,82,+,URS000075AC90_9606
chr6,52144349,52144434,86,+,URS0000389B41_9606
chr6,52148923,52149041,119,+,URS000075DAC1_9606
chr6,57792833,57792905,73,-,URS0000693544_9606
chr6,57793545,57793617,73,-,URS00006E6B1E_9606
chr6,57800211,57800284,74,+,URS000070BF11_9606
chr6,57815974,57816046,73,-,URS0000674B10_9606
chr6,57822973,57823046,74,+,URS00006D143A_9606
chr6,57861166,57861238,73,-,URS00006A7FD7_9606
chr6,57870345,57870417,73,-,URS00006A9D82_9606
chr6,75128709,75128782,74,-,URS0000ABD8AC_9606
chr6,85677589,85677659,71,-,URS000075DF75_9606
chr6,99124609,99124696,88,+,URS000075E46B_9606
chr6,106784125,106784220,96,+,URS000075E1D5_9606
chr6,110848546,110848673,128,+,URS000064E0DA_9606
chr6,111113834,111113939,106,+,URS0000ABD89C_9606
chr6,120015179,120015257,79,+,URS000075EF28_9606
chr6,126484631,126484713,83,+,URS000075C40E_9606
chr6,132815307,132815379,73,+,URS000034C57A_9606
chr6,132816802,132816877,76,+,URS000065DEBC_9606
chr6,132817219,132817351,133,+,URS00005A3020_9606
chr6,138435213,138435294,82,-,URS000075B68C_9606
chr6,142257639,142257709,71,+,URS0000631D89_9606
chr6,144216547,144216629,83,+,URS000064E10F_9606
chr6,144405655,144405767,113,+,URS00008E3981_9606
chr6,145182723,145182794,72,+,URS00006B4735_9606
chr6,155946797,155946879,83,+,URS000075E4E5_9606
chr6,156378750,156378824,75,+,URS000067F09E_9606
chr6,159780250,159780381,132,-,URS00005682D3_9606
chr6,159785594,159785733,140,-,URS000014DCD2_9606
chr6,170330761,170330844,84,+,URS0000759E97_9606
chr7,2088912,2089052,141,-,URS0000ABD8BD_9606
chr7,5495819,5495917,99,-,URS000064C5B0_9606
chr7,6016877,6017011,135,+,URS0000656163_9606
chr7,19705358,19705436,79,-,URS000075BE4B_9606
chr7,22856613,22856686,74,+,URS0000708227_9606
chr7,23396446,23396516,71,+,URS000071087B_9606
chr7,39329003,39329134,132,-,URS00006E18F8_9606
chr7,44985378,44985510,133,-,URS000033FC0E_9606
chr7,45104349,45104482,134,-,URS00001FC3CF_9606
chr7,45104906,45105042,137,-,URS000072157F_9606
chr7,45105968,45106099,132,-,URS00006997AA_9606
chr7,47464720,47464803,84,-,URS0000ABD894_9606
chr7,56055365,56055502,138,+,URS00007157DD_9606
chr7,56060470,56060602,133,+,URS000031F86D_9606
chr7,65065999,65066132,134,+,URS00006F13F9_9606
chr7,65070538,65070672,135,+,URS00006C8A51_9606
chr7,65755526,65755659,134,+,URS000028CE2F_9606
chr7,71307674,71307768,95,+,URS000075A8BD_9606
chr7,73711317,73711397,81,+,URS000075D09B_9606
chr7,75943783,75943916,134,+,URS0000481B37_9606
chr7,93716928,93717005,78,+,URS000075DA78_9606
chr7,97964405,97964481,77,-,URS000075EC55_9606
chr7,99469684,99469755,72,+,URS000071773D_9606
chr7,100093560,100093643,84,-,URS00000C85B2_9606
chr7,100093993,100094074,82,-,URS00000600E6_9606
chr7,101159473,101159555,83,+,URS000075C754_9606
chr7,102405742,102405855,114,-,URS000075D1AE_9606
chr7,102465742,102465826,85,+,URS0000759904_9606
chr7,115581315,115581441,127,-,URS0000ABD80E_9606
chr7,117020211,117020319,109,+,URS000075C834_9606
chr7,129770383,129770492,110,-,URS000075B66E_9606
chr7,129774905,129775014,110,-,URS00005BBC98_9606
chr7,130877459,130877539,81,-,URS0000150A7D_9606
chr7,135206994,135207078,85,-,URS000075EB17_9606
chr7,136903167,136903294,128,+,URS00006E154A_9606
chr7,139340700,139340772,73,+,URS00003A4B65_9606
chr7,149310190,149310261,72,+,URS000026DCDD_9606
chr7,149355675,149355746,72,-,URS00004D8C39_9606
chr7,149375759,149375830,72,-,URS00005026AE_9606
chr7,149377510,149377581,72,-,URS000044E412_9606
chr7,149415138,149415209,72,-,URS00004131B6_9606
chr7,149546540,149546611,72,+,URS000038DA45_9606
chr7,149558042,149558114,73,+,URS00001F1A89_9606
chr7,149584725,149584796,72,+,URS0000383A48_9606
chr7,149589073,149589144,72,-,URS00001F47B5_9606
chr7,149595214,149595285,72,-,URS00004378E7_9606
chr7,149597955,149598026,72,+,URS000012AE66_9606
chr7,149608376,149608447,72,+,URS0000450772_9606
chr7,149613065,149613136,72,-,URS0000468B02_9606
chr7,149646955,149647026,72,-,URS00004CF9D8_9606
chr7,149664824,149664895,72,+,URS00003D5266_9606
chr7,149691181,149691252,72,-,URS00004728AA_9606
chr8,1817231,1817307,77,+,URS000075AC80_9606
chr8,6745164,6745244,81,+,URS000075E10B_9606
chr8,9058539,9058630,92,-,URS0000ABD8AD_9606
chr8,9741672,9741768,97,+,URS000072B4C8_9606
chr8,9903388,9903472,85,-,URS000075A939_9606
chr8,20614829,20614926,98,-,URS0000A9C359_9606
chr8,27048853,27048963,111,-,URS000075DB60_9606
chr8,27701673,27701767,95,-,URS000075EC50_9606
chr8,27701677,27701759,83,+,URS000075D590_9606
chr8,33513475,33513578,104,+,URS000064F355_9606
chr8,41271048,41271143,96,-,URS000075B786_9606
chr8,41426655,41426727,73,+,URS00006F7AB2_9606
chr8,55902723,55902855,133,-,URS00006F3B25_9606
chr8,58592239,58592309,71,+,URS0000754F23_9606
chr8,66922474,66922549,76,-,URS000075BEB6_9606
chr8,91205485,91205559,75,+,URS000075B7D3_9606
chr8,98393645,98393738,94,-,URS0000D52BF6_9606
chr8,99536786,99536861,76,-,URS000065D4D7_9606
chr8,102125432,102125515,84,+,URS000075D28B_9606
chr8,103154614,103154689,76,+,URS000075C6C0_9606
chr8,103308978,103309081,104,+,URS0000ABD8B0_9606
chr8,123157230,123157302,73,-,URS0000145C5E_9606
chr8,133046481,133046581,101,-,URS000075EC0C_9606
chr9,12972555,12972633,79,-,URS00008E397E_9606
chr9,19063656,19063786,131,-,URS0000608804_9606
chr9,20411148,20411238,91,-,URS000075E8F0_9606
chr9,20786927,20787055,129,+,URS000067AF90_9606
chr9,33934297,33934375,79,-,URS000075AF9C_9606
chr9,33952764,33952854,91,-,URS000075D829_9606
chr9,41233755,41233835,81,+,URS000075D133_9606
chr9,70809975,70810084,110,-,URS000039AE8A_9606
chr9,74903074,74903145,72,-,URS0000697465_9606
chr9,91636251,91636361,111,+,URS000075AEE1_9606
chr9,92292461,92292593,133,-,URS000064B135_9606
chr9,92527984,92528058,75,-,URS000075B566_9606
chr9,94176347,94176433,87,+,URS00004BFD1E_9606
chr9,94178834,94178920,87,+,URS000075B243_9606
chr9,95085208,95085304,97,+,URS0000283D0A_9606
chr9,110198523,110198595,73,+,URS0000720AB7_9606
chr9,117181066,117181201,136,-,URS000075C3CE_9606
chr9,122880213,122880319,107,-,URS000075D383_9606
chr9,123402525,123402603,79,-,URS0000725398_9606
chr9,124692442,124692551,110,+,URS00000DD591_9606
chr9,128340076,128340166,91,-,URS0000225EE1_9606
chr9,128392621,128392708,88,+,URS000075EAD8_9606
chr9,130241387,130241488,102,+,URS0000D5650E_9606
chr9,131485665,131485750,86,+,URS00004D7B5D_9606
chr9,133349396,133349470,75,+,URS000052FCE0_9606
chr9,133350094,133350164,71,+,URS00003BC8C2_9606
chr9,133350456,133350527,72,+,URS000061A537_9606
chr9,134849487,134849564,78,-,URS000075D8AE_9606
chr9,136726747,136726879,133,-,URS000008230A_9606
chr9,137169186,137169270,85,-,URS000075D844_9606
chr9,137838419,137838516,98,+,URS000075B5BC_9606
chrX,3532117,3532251,135,-,URS0000651343_9606
chrX,3838377,3838450,74,-,URS00006E0DAF_9606
chrX,20017088,20017187,100,-,URS000075BD51_9606
chrX,24744441,24744570,130,+,URS0000466492_9606
chrX,47388650,47388776,127,+,URS000075C745_9606
chrX,47587429,47587505,77,+,URS0000759ED5_9606
chrX,50010672,50010750,79,+,URS000075AD0A_9606
chrX,52063347,52063473,127,-,URS000075E548_9606
chrX,53557192,53557274,83,-,URS000075D19A_9606
chrX,54814370,54814500,131,+,URS000032FEC4_9606
chrX,54927305,54927435,131,+,URS0000ABD8CA_9606
chrX,55183480,55183607,128,-,URS00008E39C3_9606
chrX,63786002,63786087,86,-,URS000075CE25_9606
chrX,77005404,77005501,98,-,URS000075BDCE_9606
chrX,84225752,84225828,77,-,URS000075E823_9606
chrX,106639814,106639896,83,+,URS000075D50C_9606
chrX,110224989,110225060,72,-,URS00002585D2_9606
chrX,114630797,114630924,128,+,URS00006EE0D1_9606
chrX,115126316,115126442,127,-,URS0000ABD86E_9606
chrX,119787353,119787484,132,-,URS00002982D8_9606
chrX,121370972,121371053,82,+,URS000075A6BA_9606
chrX,134169378,134169452,75,-,URS000075E6A6_9606
chrX,134540341,134540431,91,-,URS000072EA17_9606
chrX,136879199,136879271,73,-,URS0000313FF1_9606
chrX,138667711,138667793,83,-,URS00006F1C02_9606
chrX,145992750,145992826,77,-,URS000075C34B_9606
chrX,145994784,145994860,77,-,URS000075C9F0_9606
chrX,146001053,146001131,79,-,URS0000676F0F_9606
chrX,146027794,146027872,79,-,URS00006497FB_9606
chrX,147199044,147199127,84,-,URS000075C5E7_9606
chrX,147225826,147225952,127,-,URS000075DF42_9606
chrX,147236913,147237027,115,-,URS000075C79A_9606
chrX,147260532,147260625,94,-,URS000075B85A_9606
chrX,152394412,152394492,81,-,URS0000638811_9606
chrX,153981097,153981177,81,+,URS000075E36E_9606
chrX,154400281,154400415,135,+,URS00000D55EA_9606
chrX,154768528,154768659,132,+,URS000061AA47_9606
chrX,154774998,154775126,129,+,URS00004C6FD8_9606
chrX,154887360,154887458,99,-,URS000075A55D_9606
