rna_type,gene_name,rnacentral_id,hgnc_id
"lncRNA","NONHSAG000047.2","URS000075B941_9606","HGNC:49377"
"lncRNA","LINC01342","URS000075ABDA_9606","HGNC:50551"
"lncRNA","MRPL20-AS1","URS000075B363_9606","HGNC:27125"
"lncRNA","PRDM16-DT","URS000075CF92_9606","HGNC:48664"
"lncRNA","LINC01646","URS0000BC45E4_9606","HGNC:52433"
"lncRNA","LINC01672","URS000075CC1C_9606","HGNC:52460"
"lncRNA","CAMTA1-DT","URS0000BC442D_9606","HGNC:53020"
"lncRNA","LNCTAM34A","URS00008E3A18_9606","HGNC:52548"
"lncRNA","EXOSC10-AS1","URS0000A76A99_9606","HGNC:40456"
"lncRNA","LINC01647","URS000075A243_9606","HGNC:52434"
"lncRNA","NPPA-AS1","URS000075D3D8_9606","HGNC:37635"
"lncRNA","LINC02766","URS00025E99F8_9606","HGNC:54286"
"lncRNA","LINC01784","URS0000BC43E0_9606","HGNC:52574"
"lncRNA","KAZN-AS1","URS0000BC44CB_9606","HGNC:53610"
"lncRNA","SLC25A34-AS1","URS0000BC43B5_9606","HGNC:53623"
"lncRNA","EPHA2-AS1","URS00022B48B9_9606","HGNC:40216"
"lncRNA","LINC01654","URS00007E4488_9606","HGNC:52442"
"lncRNA","EMC1-AS1","URS0000A77184_9606","HGNC:54050"
"lncRNA","LINC01757","URS0000BC45AC_9606","HGNC:52546"
"lncRNA","LINC01141","URS000075A082_9606","HGNC:49455"
"lncRNA","LINC01635","URS000075BDEA_9606","HGNC:52422"
"lncRNA","lnc-RPL11-1","URS0000D64BA3_9606","HGNC:29633"
"lncRNA","LINC02800","URS0000759DFB_9606","HGNC:27642"
"lncRNA","TAF12-DT","URS0000BC450F_9606","HGNC:52502"
"lncRNA","MATN1-AS1","URS000075AA67_9606","HGNC:40364"
"lncRNA","CSMD2-AS1","URS000075D4C3_9606","HGNC:40882"
"lncRNA","ZMYM4-AS1","URS0000BC45CD_9606","HGNC:40624"
"lncRNA","TFAP2E-AS1","URS00025F1626_9606","HGNC:41274"
"lncRNA","LITATS1","URS000075ABAD_9606","HGNC:49453"
"lncRNA","MIR3659HG","URS0001BBE517_9606","HGNC:54306"
"sRNA","RRAGC-DT","URS0000A76875_9606","HGNC:55793"
"lncRNA","CDC20-DT","URS00022AF296_9606","HGNC:55681"
"lncRNA","HYI-AS1","URS00025E3446_9606","HGNC:41173"
"lncRNA","EFCAB14-AS1","URS000075DB8C_9606","HGNC:44108"
"lncRNA","ENSG00000227070.2","URS00025EAAEC_9606","HGNC:40219"
"lncRNA","NFIA-AS2","URS00022AE7C0_9606","HGNC:40401"
"lncRNA","LINC01707","URS0000BC465A_9606","HGNC:52495"
"lncRNA","LINC02238","URS0000BC44E7_9606","HGNC:53116"
"lncRNA","LINC01712","URS0000BC43FD_9606","HGNC:52499"
"lncRNA","LINC01364","URS000075B9B0_9606","HGNC:50599"
"lncRNA","LINC01763","URS0000BC4441_9606","HGNC:52554"
"lncRNA","SLC44A3-AS1","URS0000D5B53B_9606","HGNC:49057"
"lncRNA","LINC01650","URS0000BC4588_9606","HGNC:52437"
"lncRNA","LINC02607","URS000075A32F_9606","HGNC:54049"
"lncRNA","LINC01930","URS0000BC4572_9606","HGNC:52744"
"lncRNA","DPH5-DT","URS0000759A5E_9606","HGNC:53720"
"lncRNA","S1PR1-DT","URS000075BD3C_9606","HGNC:55842"
"lncRNA","LINC01676","URS00007E44BA_9606","HGNC:52464"
"lncRNA","LINC01677","URS0000BC4479_9606","HGNC:52465"
"lncRNA","LINC02785","URS00025E9D43_9606","NA"
"lncRNA","SLC16A1-AS1","URS000075C4CF_9606","HGNC:49445"
"lncRNA","ENSG00000233730.2","URS00022B374C_9606","HGNC:52555"
"lncRNA","LINC01649","URS00007E3F30_9606","HGNC:52436"
"lncRNA","LINC01525","URS00007E3714_9606","HGNC:51264"
"lncRNA","TENT5C-DT","URS000075D717_9606","HGNC:55656"
"lncRNA","WARS2-AS1","URS00007E486B_9606","HGNC:40612"
"lncRNA","LIX1L-AS1","URS0000BC45C1_9606","HGNC:41210"
"lncRNA","LINC01719","URS00007E3AAF_9606","HGNC:52506"
"lncRNA","LINC00624","URS000075DFB4_9606","HGNC:44254"
"lncRNA","LINC02805","URS0000A767CE_9606","HGNC:54339"
"lncRNA","ZNF687-AS1","URS0000A76C56_9606","HGNC:54048"
"lncRNA","RFX5-AS1","URS00008E3A53_9606","HGNC:40503"
"lncRNA","TDRKH-AS1","URS0000BC4629_9606","HGNC:40578"
"lncRNA","C2CD4D-AS1","URS0000CCDFFE_9606","HGNC:54045"
"lncRNA","DCST1-AS1","URS000075A153_9606","HGNC:41147"
"lncRNA","RUSC1-AS1","URS0000ABD863_9606","HGNC:26680"
"lncRNA","ENSG00000235919.5","URS00022B5F5C_9606","HGNC:44146"
"lncRNA","BCAN-AS2","URS00026179B9_9606","HGNC:56267"
"lncRNA","KIRREL1-IT1","URS0000ABD7E1_9606","HGNC:41412"
"lncRNA","LINC01704","URS000075ACC9_9606","HGNC:52492"
"lncRNA","LINC01133","URS000075A942_9606","HGNC:49447"
"lncRNA","DCAF8-DT","URS0000BC445D_9606","HGNC:55792"
"lncRNA","ATF6-DT","URS00025F7C6D_9606","HGNC:55826"
"lncRNA","LINC00626","URS000075C630_9606","HGNC:44257"
"lncRNA","LINC01681","URS0000BC448B_9606","HGNC:52468"
"lncRNA","GORAB-AS1","URS00007E4946_9606","HGNC:54051"
"lncRNA","PRDX6-AS1","URS00007E3E18_9606","HGNC:54870"
"lncRNA","ENSG00000227373.6","URS000029FF6C_9606","HGNC:54296"
"sRNA","OVAAL","URS00007E36BD_9606","HGNC:49422"
"lncRNA","KIAA1614-AS1","URS0000ABD817_9606","HGNC:50644"
"lncRNA","LINC01732","URS00007E4C95_9606","HGNC:52520"
"lncRNA","LAMC1-AS1","URS0000BC460C_9606","HGNC:52645"
"lncRNA","SMG7-AS1","URS000075EEAE_9606","HGNC:24518"
"lncRNA","LINC01633","URS0000BC4633_9606","HGNC:52420"
"lncRNA","LINC01035","URS00025E3479_9606","HGNC:49022"
"lncRNA","LINC01680","URS0000BC462A_9606","HGNC:52467"
"lncRNA","LINC01724","URS0000BC4644_9606","HGNC:52512"
"lncRNA","ELF3-AS1","URS0000BC45EE_9606","HGNC:40211"
"lncRNA","Myoparr","URS0000E42B0E_9606","HGNC:54178"
"lncRNA","LINC01353","URS000075B295_9606","HGNC:50580"
"lncRNA","lnc-CDK18-1","URS00008BDA32_9606","HGNC:27631"
"lncRNA","MFSD4A-AS1","URS0000CCE071_9606","HGNC:27632"
"lncRNA","DYRK3-AS1","URS00022B2827_9606","HGNC:40199"
"lncRNA","MIR29B2CHG","URS0000A77143_9606","HGNC:32018"
"lncRNA","LINC01698","URS0000BC43D7_9606","HGNC:52486"
"lncRNA","MIR205HG","URS0000ABD848_9606","HGNC:43562"
"lncRNA","SERTAD4-AS1","URS0000D77F5A_9606","HGNC:32019"
"lncRNA","KCNH1-IT1","URS0000BC4558_9606","HGNC:41351"
"lncRNA","LINC00467","URS000075ACB7_9606","HGNC:28227"
"lncRNA","non-coding transcript regulating alternative splicing","URS00008E39CF_9606","HGNC:52478"
"lncRNA","NEK2-DT","URS0000BC44A0_9606","HGNC:28085"
"lncRNA","LYPLAL1-DT","URS000075B5F8_9606","HGNC:50560"
"lncRNA","LYPLAL1-AS1","URS0000A77289_9606","HGNC:54054"
"lncRNA","LINC02257","URS0000BC4493_9606","NA"
"lncRNA","LINC01736","URS0000A774BF_9606","HGNC:52524"
"lncRNA","TRIM67-AS1","URS0000380C69_9606","HGNC:41282"
"lncRNA","ENSG00000237520.2","URS00025E764C_9606","HGNC:56012"
"lncRNA","LNCATV","URS00007E4015_9606","HGNC:54478"
"lncRNA","LINC01139","URS000075A909_9606","HGNC:27924"
"lncRNA","KIF26B-AS1","URS0000CCDFB1_9606","HGNC:41098"
"lncRNA","DIP2C-AS1","URS0000E86FC5_9606","HGNC:30724"
"lncRNA","ADARB2-AS1","URS0000CCE155_9606","HGNC:23299"
"lncRNA","LINC00700","URS000075B9DB_9606","HGNC:27422"
"lncRNA","PFKP-DT","URS0000E60B5B_9606","HGNC:55177"
"lncRNA","PITRM1-AS1","URS000075BE06_9606","HGNC:44675"
"lncRNA","LINC00705","URS000075E9C9_9606","HGNC:27874"
"lncRNA","LASTR","URS0000A77231_9606","HGNC:54143"
"lncRNA","LINP1","URS0000A76D17_9606","HGNC:53170"
"lncRNA","LINC00709","URS000075DB9C_9606","HGNC:44700"
"lncRNA","NONHSAG005209.2","URS00003D754F_9606","HGNC:54157"
"lncRNA","PROSER2-AS1","URS000075BA57_9606","HGNC:27343"
"lncRNA","VIM-AS1","URS000075B948_9606","HGNC:44879"
"lncRNA","NEBL-AS1","URS000075AE68_9606","HGNC:44899"
"lncRNA","C10orf67-AS1","URS0000D78001_9606","HGNC:55861"
"lncRNA","LINC03028","URS0000A76C06_9606","HGNC:56168"
"lncRNA","FAM238A","URS000075BC29_9606","HGNC:17776"
"lncRNA","MKX-AS1","URS000075DE1B_9606","HGNC:50686"
"lncRNA","LINC02644","URS0000A76472_9606","HGNC:54127"
"lncRNA","ENSG00000237797.3","URS00025E7734_9606","HGNC:53963"
"lncRNA","EPC1-AS1","URS000075BE23_9606","HGNC:50717"
"lncRNA","IATPR","URS0000E60B05_9606","HGNC:53719"
"lncRNA","LINC02629","URS0002123126_9606","HGNC:54108"
"lncRNA","LINC00999","URS000075E54A_9606","HGNC:38537"
"lncRNA","LINC00839","URS000075BFEF_9606","HGNC:28269"
"lncRNA","LINC02658","URS0000A77064_9606","HGNC:54144"
"lncRNA","ENSG00000277288.5","URS00007BE1A3_9606","HGNC:51236"
"lncRNA","ZNF22-AS1","URS0000EEACA5_9606","HGNC:23509"
"lncRNA","SYT15-AS1","URS0000D78064_9606","HGNC:56167"
"lncRNA","PRKG1-AS1","URS000075EB1A_9606","HGNC:45029"
"lncRNA","ENSG00000285551.2","URS0000DBA8AE_9606","HGNC:55812"
"lncRNA","LINC00595","URS0000D78019_9606","HGNC:31430"
"lncRNA","NUTM2B-AS1","URS0000759C3A_9606","HGNC:51204"
"lncRNA","NUTM2B-AS1","URS000075A46C_9606","HGNC:45161"
"lncRNA","LINC02647","URS0000759F36_9606","HGNC:54131"
"lncRNA","LINC01520","URS000075B6C0_9606","HGNC:51218"
"lncRNA","LINC00865","URS000075A40C_9606","HGNC:45170"
"lncRNA","LINC01374","URS0000BC456D_9606","NA"
"lncRNA","HECTD2-AS1","URS000075B789_9606","HGNC:48679"
"lncRNA","PLCE1-AS2","URS000075B5EB_9606","HGNC:51206"
"lncRNA","DNMBP-AS1","URS0000CCE041_9606","HGNC:20431"
"lncRNA","OLMALINC","URS000075C0D0_9606","HGNC:28060"
"lncRNA","LBX1-AS1","URS000075A252_9606","HGNC:48678"
"lncRNA","KCNIP2-AS1","URS000075ABA8_9606","HGNC:48680"
"lncRNA","C10orf95-AS1","URS000075B6B9_9606","HGNC:45238"
"lncRNA","SORCS3-AS1","URS0000759BD2_9606","HGNC:45244"
"lncRNA","LINC01435","URS00007E3821_9606","HGNC:50753"
"lncRNA","SLC18A2-AS1","URS00022B774E_9606","HGNC:55843"
"lncRNA","CASC2","URS000075B07A_9606","HGNC:22933"
"lncRNA","LMNTD2-AS1","URS0000BC4643_9606","HGNC:41204"
"lncRNA","LINC02688","URS0000E60B51_9606","HGNC:54184"
"lncRNA","ENSG00000235027.1","URS000027B716_9606","HGNC:40168"
"sRNA","H19","URS0000812128_9606","HGNC:4713"
"lncRNA","IGF2-AS","URS0000A76E5D_9606","HGNC:14062"
"lncRNA","CD81-AS1","URS0000759B3A_9606","HGNC:49384"
"lncRNA","SLC22A18AS","URS0001BBE583_9606","HGNC:10965"
"lncRNA","LINC02751","URS0001BBE4A4_9606","HGNC:54271"
"lncRNA","LINC02729","URS00008E39AE_9606","HGNC:54246"
"lncRNA","NAV2-AS3","URS00025E3453_9606","HGNC:40742"
"lncRNA","LINC01495","URS000075E984_9606","HGNC:51161"
"lncRNA","CD44-DT","URS000075AE0C_9606","HGNC:56175"
"lncRNA","MIR670HG","URS00008120ED_9606","HGNC:49204"
"lncRNA","LINC02685","URS000075A793_9606","HGNC:27350"
"lncRNA","LINC02716","URS000075E6BC_9606","HGNC:25454"
"lncRNA","LINC00301","URS0000759996_9606","HGNC:28603"
"lncRNA","PPP1R14B-AS1","URS0000A76754_9606","HGNC:54233"
"lncRNA","CAPN1-AS1","URS0000ABD8A5_9606","HGNC:56068"
"lncRNA","B4GAT1-DT","URS0000A765B6_9606","HGNC:56070"
"lncRNA","lnc-NUDT8-3","URS00007C9E84_9606","HGNC:26915"
"lncRNA","MRGPRF-AS1","URS000075D8FB_9606","HGNC:51140"
"lncRNA","ENSG00000254682.2","URS00022B4028_9606","HGNC:56822"
"lncRNA","ENSG00000289625.1","URS00022B6AB1_9606","HGNC:56237"
"lncRNA","ARHGEF17-AS1","URS0000BC44BA_9606","HGNC:55485"
"lncRNA","EMSY-DT","URS00025EEC56_9606","HGNC:55507"
"lncRNA","RSF1-IT1","URS00025E34B1_9606","HGNC:41439"
"lncRNA","LINC02728","URS000075ED9D_9606","HGNC:54245"
"lncRNA","LINC02720","URS000075C669_9606","HGNC:54237"
"lncRNA","TMEM123-DT","URS0000A764DE_9606","HGNC:55502"
"lncRNA","LINC02732","URS0000ABD8E2_9606","HGNC:54249"
"lncRNA","LINC02550","URS0000BC44DA_9606","HGNC:53585"
"lncRNA","lnc-C11orf88-1","URS00008BFFB5_9606","HGNC:55987"
"lncRNA","LINC02764","URS000075D9A0_9606","HGNC:54283"
"lncRNA","LINC00900","URS000075BB5B_9606","HGNC:27444"
"lncRNA","LINC02151","URS00025E3586_9606","HGNC:53013"
"lncRNA","TTC36-AS1","URS000075A114_9606","HGNC:55495"
"lncRNA","KIRREL3-AS2","URS000075C7CB_9606","HGNC:42656"
"lncRNA","LINC02712","URS000075B56C_9606","HGNC:54229"
"lncRNA","LINC02098","URS0000BC4413_9606","HGNC:52950"
"lncRNA","ETS1-AS1","URS000075B558_9606","HGNC:53932"
"lncRNA","KCNJ5-AS1","URS0001BBE59D_9606","HGNC:28584"
"lncRNA","ZBTB44-DT","URS0000BC44D8_9606","HGNC:54265"
"lncRNA","ENSG00000256540.2","URS00022B145A_9606","HGNC:56002"
"lncRNA","LINC02371","URS00025F651D_9606","HGNC:53293"
"lncRNA","LINC00937","URS000075A8FE_9606","HGNC:48629"
"lncRNA","LINC00612","URS000075B6CD_9606","HGNC:28621"
"lncRNA","GABARAPL1-AS1","URS0002123226_9606","HGNC:54822"
"lncRNA","LINC02446","URS0000BC462C_9606","HGNC:53378"
"lncRNA","LINC01252","URS000075C0A6_9606","HGNC:27888"
"lncRNA","LINC02468","URS0000BC4426_9606","HGNC:53406"
"lncRNA","LINC02909","URS00021231BA_9606","HGNC:27282"
"lncRNA","RASSF8-AS1","URS000075DAC8_9606","HGNC:48637"
"lncRNA","BMAL2-AS1","URS000075C2DD_9606","HGNC:49892"
"lncRNA","coding RNA activated by DNA damag","URS000075CEFB_9606","HGNC:44311"
"lncRNA","lnc-CAPRIN2-2","URS000077152B_9606","HGNC:56687"
"lncRNA","LINC02471","URS0000BC44A2_9606","HGNC:53410"
"lncRNA","NONHSAG011092.2","URS000057AC12_9606","HGNC:55453"
"lncRNA","NR4A1AS","URS0002123198_9606","HGNC:54409"
"lncRNA","LINC00592","URS0000ABD7CE_9606","HGNC:27474"
"lncRNA","KRT7-AS","URS0000BC43E1_9606","HGNC:52643"
"lncRNA","NONHSAG011211.2","URS0000611D31_9606","HGNC:27464"
"lncRNA","ENSG00000291839.1","URS00025E6F93_9606","HGNC:54810"
"lncRNA","HOTAIR","URS000075C808_9606","HGNC:33510"
"lncRNA","LINC02381","URS000075A06D_9606","HGNC:53304"
"lncRNA","CD63-AS1","URS00022B6B9A_9606","HGNC:55455"
"lncRNA","AGAP2-AS1","URS000075E9B8_9606","HGNC:48633"
"lncRNA","GIHCG","URS000075D52A_9606","HGNC:52649"
"lncRNA","LRIG3-DT","URS00022B142E_9606","HGNC:55476"
"lncRNA","LINC02389","URS000075EF57_9606","HGNC:53316"
"lncRNA","LINC02454","URS0000BC4577_9606","HGNC:53387"
"lncRNA","LINC01479","URS000075DA35_9606","HGNC:51123"
"lncRNA","TRHDE-AS1","URS000075E8D2_9606","HGNC:27471"
"lncRNA","LINC02882","URS000075BF55_9606","HGNC:54802"
"lncRNA","LINC01619","URS00008E3966_9606","HGNC:27409"
"lncRNA","LINC02410","URS0000A76CFC_9606","HGNC:53339"
"lncRNA","LINC01405","URS000075E0AF_9606","HGNC:50688"
"lncRNA","TBX5-AS1","URS000075C09F_9606","HGNC:27402"
"lncRNA","E","URS00003884B6_9606","HGNC:53353"
"lncRNA","LINC02439","URS0000A7699F_9606","HGNC:53371"
"lncRNA","PXN-AS1","URS000075E544_9606","HGNC:44123"
"lncRNA","LINC02985","URS0000A77235_9606","HGNC:56073"
"lncRNA","CLIP1-AS1","URS000075B10A_9606","HGNC:48586"
"lncRNA","LINC02825","URS00008B2436_9606","HGNC:27477"
"lncRNA","LINC02372","URS000075E0B5_9606","HGNC:53294"
"lncRNA","LINC02405","URS000075E9AF_9606","HGNC:53333"
"lncRNA","LINC02376","URS0000BC4612_9606","HGNC:53298"
"lncRNA","TMEM132D-AS2","URS000075B018_9606","HGNC:53324"
"lncRNA","LINC02419","URS0000BC452D_9606","HGNC:53349"
"lncRNA","GALNT9-AS1","URS000075F009_9606","HGNC:56353"
"lncRNA","TPTE2-AS1","URS0002278345_9606","HGNC:42668"
"lncRNA","ENSG00000293217.1","URS000075DBFF_9606","HGNC:42689"
"lncRNA","LINC00621","URS0000A769F1_9606","HGNC:44227"
"lncRNA","LINC00566","URS00008E39E9_9606","HGNC:43710"
"lncRNA","PLUT","URS0000ABD8D4_9606","HGNC:43698"
"lncRNA","MTUS2-AS1","URS000075AE05_9606","HGNC:40924"
"lncRNA","LINC00545","URS000075E4FB_9606","NA"
"lncRNA","TEX26-AS1","URS000075C7C2_9606","HGNC:42784"
"lncRNA","LINC00423","URS000075E824_9606","HGNC:42758"
"lncRNA","STARD13-AS","URS000075B77B_9606","HGNC:40873"
"lncRNA","LINC02344","URS0000BC4642_9606","HGNC:53264"
"lncRNA","LINC02343","URS0000BC4438_9606","HGNC:53263"
"sRNA","LINC00598","URS000075C127_9606","HGNC:42770"
"lncRNA","LINC01050","URS000060E43B_9606","HGNC:49044"
"lncRNA","SMIM2-AS1","URS000075D262_9606","HGNC:42674"
"lncRNA","TUSC8","URS000075BBEF_9606","HGNC:49111"
"lncRNA","TSC22D1-AS1","URS000075B8E6_9606","HGNC:43684"
"lncRNA","LINC00407","URS0000BC4527_9606","NA"
"lncRNA","RB1-DT","URS0000E60ABC_9606","HGNC:42778"
"lncRNA","DLEU7-AS1","URS000075D421_9606","HGNC:39966"
"lncRNA","INTS6-AS1","URS000075B759_9606","HGNC:42691"
"lncRNA","LINC00458","URS000075E99D_9606","HGNC:42807"
"lncRNA","DIAPH3-AS1","URS000075BEA5_9606","HGNC:39915"
"lncRNA","LINC00434","URS000081220A_9606","HGNC:42769"
"lncRNA","LINC00459","URS0000BC454A_9606","HGNC:42808"
"lncRNA","LINC00364","URS0000812100_9606","HGNC:42686"
"lncRNA","LMO7DN","URS0000EEACB6_9606","HGNC:44370"
"lncRNA","RBM26-AS1","URS000075EA5C_9606","HGNC:39805"
"lncRNA","LINC01038","URS00007E3D13_9606","HGNC:49026"
"lncRNA","NONHSAG014006.2","URS000075DF65_9606","HGNC:42679"
"lncRNA","FGF14-AS1","URS00007E3644_9606","HGNC:40237"
"lncRNA","LINC00460","URS0000E60AFA_9606","HGNC:42809"
"lncRNA","LINC00443","URS000075C049_9606","NA"
"lncRNA","MYO16-AS2","URS0002123196_9606","HGNC:39914"
"lncRNA","MYO16-AS1","URS000075E4D6_9606","HGNC:39913"
"lncRNA","LINC00399","URS00007E3588_9606","HGNC:42728"
"lncRNA","LINC03032","URS0000BC43EC_9606","HGNC:56192"
"lncRNA","COL4A2-AS2","URS0002123245_9606","HGNC:39849"
"lncRNA","LINC00431","URS00007E4E65_9606","HGNC:42766"
"lncRNA","ENSG00000229520.2","URS00022B879A_9606","HGNC:42734"
"lncRNA","LINC01070","URS000075ACC7_9606","HGNC:49110"
"lncRNA","GAS6-AS1","URS000075CA64_9606","HGNC:39826"
"lncRNA","RASA3-IT1","URS00021231E9_9606","HGNC:39938"
"lncRNA","LINC01297","URS000194B0D2_9606","HGNC:50443"
"lncRNA","TRD-AS1","URS0000BC4625_9606","HGNC:56197"
"lncRNA","AP1G2-AS1","URS000075E733_9606","HGNC:55442"
"lncRNA","E","URS00002B5786_9606","HGNC:52004"
"lncRNA","LINC00645","URS000075E5F2_9606","HGNC:44299"
"lncRNA","LINC01551","URS000075E7AC_9606","HGNC:19828"
"lncRNA","LINC02313","URS0000BC4568_9606","HGNC:53232"
"lncRNA","SRP54-AS1","URS0000CCE0AE_9606","HGNC:50643"
"lncRNA","LINC02302","URS0000BC44A6_9606","NA"
"lncRNA","LINC00519","URS0000ABD7DD_9606","HGNC:19838"
"lncRNA","LINC02310","URS0000BC45F9_9606","HGNC:53229"
"lncRNA","OTX2-AS1","URS0000BC44B3_9606","HGNC:43906"
"lncRNA","LINC01500","URS00002E7567_9606","HGNC:51166"
"lncRNA","LINC02322","URS0000BC450D_9606","HGNC:53241"
"lncRNA","ENSG00000259153.4","URS00025F5B93_9606","HGNC:53189"
"lncRNA","MIDEAS-AS1","URS000075D197_9606","HGNC:56194"
"lncRNA","LINC02328","URS0000759BB4_9606","HGNC:53248"
"lncRNA","HISLA","URS000075DEBF_9606","HGNC:49467"
"lncRNA","E","URS00001AD995_9606","HGNC:49468"
"lncRNA","LINC00642","URS000075CF09_9606","HGNC:44293"
"lncRNA","FAM181A-AS1","URS0000CCDFA7_9606","HGNC:20133"
"lncRNA","GSC-DT","URS0000A77281_9606","HGNC:53074"
"lncRNA","SNHG10","URS000075DE81_9606","HGNC:27510"
"lncRNA","LINC02318","URS0000BC4587_9606","HGNC:53237"
"lncRNA","TCL6","URS0000CCE05D_9606","HGNC:13463"
"lncRNA","LINC02325","URS000075DF4F_9606","HGNC:53245"
"lncRNA","NONHSAG015852.2","URS00007BF2D9_9606","HGNC:20111"
"lncRNA","ENSG00000258511.2","URS00022B0E07_9606","HGNC:53211"
"lncRNA","LINC02914","URS0000E60A72_9606","HGNC:26375"
"lncRNA","ENSG00000258399.8","URS00025E7A85_9606","HGNC:55978"
"lncRNA","LINC02285","URS0000BC44FB_9606","HGNC:53202"
"lncRNA","LINC02314","URS0000A767BA_9606","HGNC:53233"
"lncRNA","LINC00677","URS0000A76680_9606","HGNC:20121"
"lncRNA","KIF26A-DT","URS0000D780C7_9606","HGNC:55439"
"lncRNA","FAM30A","URS000075B927_9606","HGNC:19955"
"lncRNA","LINC00226","URS000075D64F_9606","HGNC:20168"
"lncRNA","LINC00221","URS000075AA0C_9606","HGNC:20169"
"lncRNA","OR4M2-OT1","URS000075C702_9606","HGNC:28003"
"lncRNA","FAM30C","URS0000ABD8C5_9606","HGNC:31024"
"lncRNA","ENSG00000284500","URS0000CCE0EE_9606","HGNC:53069"
"lncRNA","PWRN4","URS00007E365A_9606","HGNC:49130"
"lncRNA","PWRN1","URS000075E11D_9606","HGNC:33235"
"lncRNA","NONHSAG016302.2","URS000075A2F5_9606","HGNC:6109"
"lncRNA","LINC00929","URS000075E0C7_9606","HGNC:48615"
"lncRNA","GABRG3-AS1","URS000075C3A9_9606","HGNC:40249"
"lncRNA","ARHGAP11A-DT","URS0000A772C5_9606","HGNC:56188"
"lncRNA","RYR3-DT","URS000075D5A4_9606","HGNC:51417"
"lncRNA","LINC02895","URS0000EEC7FA_9606","HGNC:55422"
"lncRNA","OIP5-AS1","URS0000CCE04C_9606","HGNC:43563"
"lncRNA","EHD4-AS1","URS000075AF56_9606","HGNC:51418"
"lncRNA","EIF3J-DT","URS000075DE67_9606","HGNC:48616"
"lncRNA","NONHSAG016810.2","URS000019547E_9606","HGNC:51148"
"lncRNA","TCF12-DT","URS000075D60D_9606","HGNC:27078"
"lncRNA","ALDH1A2-AS1","URS0000BC458D_9606","HGNC:27515"
"lncRNA","RORA-AS2","URS000075B7D4_9606","HGNC:51411"
"lncRNA","LINC02349","URS0000BC464F_9606","HGNC:53271"
"lncRNA","VPS13C-DT","URS0000A775C3_9606","HGNC:55425"
"lncRNA","USP3-AS1","URS000075C5F6_9606","HGNC:44140"
"lncRNA","SKOR1-AS1","URS000075C387_9606","HGNC:56365"
"lncRNA","KIF23-AS1","URS00008E3A4F_9606","HGNC:27075"
"lncRNA","CT62","URS0001BBE3ED_9606","HGNC:27286"
"lncRNA","LOXL1-AS1","URS000075AECF_9606","HGNC:44169"
"lncRNA","LINGO1-AS1","URS000075EF5C_9606","HGNC:27368"
"lncRNA","SNHG21","URS000075A784_9606","HGNC:50284"
"lncRNA","ZNF710-AS1","URS0000BC451E_9606","HGNC:53141"
"lncRNA","LINC01585","URS000075C5A5_9606","HGNC:51432"
"lncRNA","RCCD1-AS1","URS000212315D_9606","HGNC:54811"
"lncRNA","VPS33B-DT","URS000075E68D_9606","HGNC:51413"
"lncRNA","LINC01579","URS0000A7645F_9606","HGNC:27519"
"lncRNA","LETR1","URS000075C35D_9606","HGNC:49597"
"lncRNA","SPATA8-AS1","URS0000759A76_9606","HGNC:48627"
"lncRNA","LINC02254","URS000075A78C_9606","NA"
"lncRNA","LINC02351","URS0000BC44C5_9606","HGNC:53273"
"lncRNA","GCAWKR","URS0000E60AC9_9606","HGNC:53740"
"lncRNA","SSTR5-AS1","URS000075EBD1_9606","HGNC:26502"
"lncRNA","ENSG00000261399.2","URS00022B06CD_9606","HGNC:56087"
"lncRNA","LINC00254","URS000075D281_9606","HGNC:14160"
"lncRNA","MMP25-AS1","URS000075AB0F_9606","HGNC:51372"
"lncRNA","ZNF213-AS1","URS000075E750_9606","HGNC:50505"
"lncRNA","LINC01290","URS0000BC45FA_9606","HGNC:50356"
"lncRNA","RSL1D1-DT","URS00025E8379_9606","HGNC:55337"
"lncRNA","LINC02175","URS0000A769BE_9606","HGNC:27550"
"lncRNA","LINC02195","URS00025F025B_9606","HGNC:53058"
"lncRNA","IL21R-AS1","URS000075B66C_9606","HGNC:27551"
"lncRNA","DNAJA2-DT","URS00025EEB23_9606","HGNC:55375"
"lncRNA","LINC02134","URS0000BC443E_9606","HGNC:52994"
"lncRNA","LINC02168","URS0000BC455D_9606","HGNC:53030"
"lncRNA","LINC03064","URS00022B3B4F_9606","HGNC:56372"
"lncRNA","LINC02169","URS00007E4D1B_9606","HGNC:53031"
"lncRNA","MMP2-AS1","URS0000BC4636_9606","HGNC:53142"
"lncRNA","CDH3-AS1","URS00007658A5_9606","HGNC:56084"
"lncRNA","ENSG00000262136.2","URS00004A85FA_9606","HGNC:55344"
"lncRNA","DDX19A-DT","URS000075AE5D_9606","HGNC:55349"
"lncRNA","VAC14-AS1","URS0000D77FC1_9606","HGNC:48605"
"lncRNA","LINC02136","URS0000BC43FC_9606","HGNC:52995"
"lncRNA","LINC01572","URS0000D77FFD_9606","HGNC:51385"
"lncRNA","ZFHX3-AS1","URS00021ED9E2_9606","HGNC:56033"
"lncRNA","HCCAT5","URS000075E6F4_9606","HGNC:48612"
"lncRNA","LINC01228","URS00021231F7_9606","HGNC:49681"
"lncRNA","ENSG00000268804.2","URS00022B37CB_9606","HGNC:52992"
"lncRNA","LINC01082","URS000075C5C7_9606","HGNC:49125"
"lncRNA","LINC02135","URS000075D697_9606","HGNC:27094"
"lncRNA","LINC02182","URS000075D300_9606","HGNC:53044"
"lncRNA","ZC3H18-AS1","URS0000BC44B2_9606","HGNC:33799"
"lncRNA","NONHSAG020304.2","URS000075EEBC_9606","HGNC:56095"
"lncRNA","PITPNA-AS1","URS000075B2EC_9606","HGNC:44116"
"lncRNA","LINC01996","URS0000ABD849_9606","HGNC:52830"
"lncRNA","MYHAS","URS00007E4CFC_9606","HGNC:50609"
"lncRNA","CDRT8","URS000075AC97_9606","HGNC:14387"
"lncRNA","LINC02090","URS0000BC44AB_9606","HGNC:52941"
"lncRNA","LOC388436","URS0000E60A59_9606","HGNC:26214"
"lncRNA","LINC02088","URS0000BC4466_9606","HGNC:52939"
"lncRNA","CCDC144NL-AS1","URS0000E60B33_9606","HGNC:51340"
"lncRNA","LINC01992","URS0000BC44F4_9606","HGNC:52824"
"lncRNA","SPAG5-AS1","URS000075B48C_9606","HGNC:41140"
"lncRNA","MIR365BHG","URS00007C6E21_9606","HGNC:55941"
"lncRNA","SNHG30","URS0000A773AA_9606","HGNC:52836"
"lncRNA","ENSG00000282721.1","URS00001A9A2E_9606","HGNC:55229"
"lncRNA","KRT10-AS1","URS0000E60A4D_9606","HGNC:28305"
"lncRNA","LINC00910","URS000075DFE4_9606","HGNC:44361"
"lncRNA","MIR2117HG","URS0000BC43BE_9606","HGNC:51999"
"lncRNA","KANSL1-AS1","URS000075ED2D_9606","HGNC:43740"
"lncRNA","NFE2L1-DT","URS0002123158_9606","HGNC:54812"
"lncRNA","HOXB-AS4","URS0002123147_9606","HGNC:40285"
"lncRNA","TOB1-AS1","URS000075F043_9606","HGNC:44340"
"lncRNA","LINC02071","URS000075C28C_9606","HGNC:52917"
"lncRNA","LINC02073","URS0000BC455F_9606","HGNC:52919"
"lncRNA","LINC02876","URS0000EEACB0_9606","NA"
"lncRNA","ENSG00000263004.3","URS00022AE97E_9606","HGNC:55339"
"lncRNA","HEATR6-DT","URS0000A76B7C_9606","HGNC:52929"
"lncRNA","LINC00674","URS000075B18A_9606","HGNC:44355"
"lncRNA","ROCR","URS000075C0E6_9606","HGNC:52946"
"lncRNA","LUCAIR1","URS000075D66E_9606","HGNC:44354"
"lncRNA","LINC02092","URS000075BBEB_9606","HGNC:52943"
"lncRNA","SNHG20","URS000075E632_9606","HGNC:33099"
"lncRNA","TMEM105","URS0001980FCD_9606","HGNC:26794"
"lncRNA","LINC03048","URS0000EEAC9B_9606","HGNC:56272"
"lncRNA","NARF-AS2","URS00025EA1CB_9606","HGNC:55327"
"lncRNA","LINC02564","URS0000BC462B_9606","HGNC:53604"
"lncRNA","TYMSOS","URS00021231D4_9606","HGNC:29553"
"lncRNA","MYL12-AS1","URS0000D5764B_9606","HGNC:55331"
"lncRNA","NONHSAG023243.2","URS00005527E9_9606","HGNC:44333"
"lncRNA","LINC00667","URS00003F999A_9606","HGNC:27906"
"lncRNA","NONHSAG023269.2","URS00001FE470_9606","HGNC:51104"
"lncRNA","L3MBTL4-AS1","URS000075CEE6_9606","HGNC:51320"
"lncRNA","ARHGAP28-AS1","URS0000A77639_9606","HGNC:55320"
"lncRNA","TWSG1-DT","URS0000EF54F4_9606","HGNC:55329"
"lncRNA","PPP4R1-AS1","URS000075D56F_9606","HGNC:51112"
"lncRNA","lnc-PTPN2-2","URS000075B8C8_9606","HGNC:52701"
"lncRNA","LDLRAD4-AS1","URS000075C448_9606","HGNC:48592"
"lncRNA","LINC01906","URS00021231D5_9606","HGNC:52725"
"lncRNA","TTC39C-AS1","URS000075A8A0_9606","HGNC:51321"
"lncRNA","LINC01894","URS0000BC44F2_9606","HGNC:52713"
"lncRNA","COSMOC","URS0000A76CE5_9606","HGNC:51610"
"lncRNA","LINC01902","URS0000CCE026_9606","HGNC:52721"
"lncRNA","LINC00907","URS000075B00D_9606","HGNC:44327"
"lncRNA","LINC01630","URS000046ECC3_9606","HGNC:52295"
"lncRNA","LINC-ROR","URS00007681C7_9606","HGNC:43773"
"lncRNA","ATP8B1-AS1","URS0000EEACA1_9606","HGNC:56042"
"lncRNA","MIR122HG","URS0002123229_9606","HGNC:53821"
"lncRNA","MALT1-AS1","URS0000EEACD1_9606","HGNC:55306"
"lncRNA","KDSR-DT","URS00022B14B1_9606","HGNC:55299"
"lncRNA","LINC01538","URS000075C66D_9606","HGNC:51306"
"lncRNA","GTSCR1","URS0000E60ADB_9606","HGNC:18406"
"lncRNA","LINC01541","URS000075EF78_9606","HGNC:51309"
"lncRNA","NETO1-DT","URS0000A77148_9606","HGNC:55333"
"lncRNA","LINC02864","URS000075EA6E_9606","HGNC:54480"
"lncRNA","LINC02582","URS000075B4BA_9606","HGNC:53792"
"lncRNA","LINC00908","URS000075AA0D_9606","HGNC:27599"
"lncRNA","ZNF236-DT","URS000075A384_9606","HGNC:53779"
"lncRNA","PARD6G-AS1","URS000075E54F_9606","HGNC:44109"
"lncRNA","ENSG00000267751.6","URS00022B8684_9606","HGNC:55286"
"lncRNA","CIRBP-AS1","URS000075D59F_9606","HGNC:28588"
"lncRNA","lnc-AES-6","URS00001ADF52_9606","HGNC:55293"
"lncRNA","RAB11B-AS1","URS000075D986_9606","HGNC:44178"
"lncRNA","ENSG00000267308.3","URS0002184DC4_9606","HGNC:52553"
"lncRNA","UCA1","URS000075D6E2_9606","HGNC:37126"
"lncRNA","LINC00663","URS000075C943_9606","HGNC:28609"
"lncRNA","LINC02987","URS0000BC4504_9606","HGNC:56093"
"lncRNA","LINC00662","URS000075BAA8_9606","HGNC:27122"
"lncRNA","VSTM2B-DT","URS00025E34A3_9606","HGNC:27615"
"lncRNA","LINC01791","URS0000BC45D7_9606","HGNC:52581"
"lncRNA","LINC01533","URS000075A5AA_9606","HGNC:51274"
"lncRNA","DPY19L3-DT","URS000075A922_9606","HGNC:55307"
"lncRNA","NUDT19-DT","URS00025F33C9_9606","HGNC:55296"
"lncRNA","LINC01801","URS000075E913_9606","HGNC:52592"
"lncRNA","LINC03049","URS0002617869_9606","NA"
"lncRNA","NONHSAG025540.2","URS000044FE79_9606","HGNC:44325"
"lncRNA","ZNF793-AS1","URS000075CA15_9606","HGNC:51303"
"lncRNA","MAP4K1-AS1","URS0000A76C16_9606","HGNC:55302"
"lncRNA","LNROP","URS000075DBF1_9606","HGNC:55512"
"lncRNA","ENSG00000231412.3","URS00022B6D68_9606","HGNC:56665"
"lncRNA","ENSG00000267191.3","URS00025E5E57_9606","HGNC:55308"
"lncRNA","GEMIN7-AS1","URS0000A76ADA_9606","HGNC:53773"
"lncRNA","PTOV1-AS2","URS000075D2AE_9606","HGNC:51284"
"lncRNA","ZNF473CR","URS0000A7721A_9606","HGNC:56021"
"lncRNA","SIGLEC10-AS1","URS0000EEACAF_9606","HGNC:40719"
"lncRNA","ZNF582-DT","URS0000759FAC_9606","HGNC:25213"
"lncRNA","ZNF667-AS1","URS000075E697_9606","HGNC:44321"
"lncRNA","MZF1-AS1","URS000075B500_9606","HGNC:51271"
"lncRNA","SNTG2-AS1","URS0000A766BB_9606","HGNC:54058"
"lncRNA","MIR7515HG","URS0000759DD2_9606","HGNC:49838"
"lncRNA","LINC00954","URS000075EEFA_9606","HGNC:48668"
"lncRNA","ENSG00000223734.3","URS00022B900E_9606","HGNC:54382"
"lncRNA","DNAJC27-AS1","URS000075C5C5_9606","HGNC:42943"
"lncRNA","BIRC6-AS2","URS00007E504B_9606","HGNC:50490"
"lncRNA","CRIM1-DT","URS000075E106_9606","HGNC:54057"
"lncRNA","ENSG00000236213.4","URS00022B618C_9606","HGNC:56370"
"lncRNA","CYP1B1-AS1","URS000075B013_9606","HGNC:28543"
"lncRNA","LINC02613","URS000075B9E5_9606","HGNC:54068"
"lncRNA","MAP4K3-DT","URS00005B9820_9606","HGNC:54056"
"lncRNA","LINC02898","URS0000E60A75_9606","HGNC:42966"
"lncRNA","LINC02580","URS0000CCDFD5_9606","HGNC:53751"
"lncRNA","LINC01121","URS000075D120_9606","HGNC:49266"
"lncRNA","LINC01820","URS0000BC44DE_9606","HGNC:52625"
"lncRNA","LINC02583","URS000075AA12_9606","HGNC:53812"
"lncRNA","RHOQ-AS1","URS000075B64E_9606","HGNC:40816"
"lncRNA","LINC01118","URS000075B300_9606","HGNC:49261"
"lncRNA","MIR4432HG","URS00008E39B6_9606","HGNC:52005"
"lncRNA","USP34-DT","URS00025EDAE9_9606","HGNC:55262"
"lncRNA","LINC02245","URS000075C780_9606","HGNC:53134"
"lncRNA","ENSG00000232613.7","URS00022B1598_9606","HGNC:53748"
"lncRNA","MEIS1-AS3","URS000075A690_9606","HGNC:40369"
"lncRNA","LINC01828","URS000075A0A5_9606","HGNC:52634"
"lncRNA","ENSG00000237576.2","URS00025EC7ED_9606","HGNC:52707"
"lncRNA","SMANTIS","URS000194B0DB_9606","HGNC:54417"
"lncRNA","DGUOK-AS1","URS000075AA95_9606","HGNC:43441"
"lncRNA","DCTN1-AS1","URS0000D77F4C_9606","HGNC:44151"
"lncRNA","NCAL1","URS0000EF3F1C_9606","HGNC:56663"
"lncRNA","EIF2AK3-DT","URS0000A769B7_9606","HGNC:54066"
"lncRNA","APPAT","URS00007E40C8_9606","HGNC:56009"
"lncRNA","STARD7-AS1","URS000075C0AB_9606","HGNC:40827"
"lncRNA","LINC01849","URS0000BC45A9_9606","HGNC:52665"
"lncRNA","LINC01102","URS000075D0D1_9606","HGNC:27165"
"lncRNA","LINC01103","URS000075B28B_9606","HGNC:49225"
"lncRNA","LINC01886","URS0000BC455B_9606","HGNC:52705"
"lncRNA","RGPD4-AS1","URS000075E4D9_9606","HGNC:49273"
"lncRNA","NONHSAG028870.2","URS00005ED704_9606","HGNC:51584"
"lncRNA","LINC01106","URS000075EE95_9606","HGNC:26769"
"lncRNA","PAX8-AS1","URS000075ED93_9606","HGNC:49271"
"lncRNA","LINC01191","URS000075CA32_9606","HGNC:49595"
"lncRNA","LINC01826","URS0000BC45AB_9606","HGNC:52632"
"lncRNA","ENSG00000236682.4","URS00022B1D7B_9606","HGNC:54088"
"lncRNA","LINC01945","URS0000BC43AA_9606","HGNC:52769"
"lncRNA","LINC02631","URS00025E3421_9606","HGNC:54112"
"lncRNA","TEX41","URS000075B9B4_9606","HGNC:48667"
"lncRNA","ENSG00000231040.3","URS00025EA21A_9606","HGNC:52730"
"lncRNA","LINC01876","URS00007E3E6D_9606","HGNC:52695"
"lncRNA","LINC02478","URS000075E363_9606","HGNC:53446"
"lncRNA","DPP4-DT","URS0000BC43FF_9606","HGNC:40191"
"lncRNA","MAP3K20-AS1","URS000075CC9C_9606","HGNC:27935"
"lncRNA","LINC01305","URS000075E2AF_9606","HGNC:27690"
"lncRNA","ENSG00000226853.5","URS00022B49EF_9606","HGNC:55827"
"lncRNA","HAGLROS","URS000075CA0B_9606","HGNC:50646"
"lncRNA","CHROMR","URS000075DD89_9606","HGNC:54059"
"lncRNA","FSIP2-AS2","URS000075BFE2_9606","NA"
"lncRNA","DIRC1","URS0000E60A05_9606","HGNC:15760"
"lncRNA","OSGEPL1-AS1","URS000075EA04_9606","HGNC:41009"
"lncRNA","NONHSAG030342.2","URS000075B457_9606","HGNC:48602"
"lncRNA","LINC01802","URS0000BC44E4_9606","HGNC:52591"
"lncRNA","IDH1-AS1","URS000075BD60_9606","HGNC:40292"
"lncRNA","LANCL1-AS1","URS0000759A9C_9606","HGNC:50727"
"lncRNA","LINC02862","URS00025E358A_9606","HGNC:54419"
"lncRNA","DIRC3","URS0000CCDF88_9606","HGNC:17805"
"lncRNA","LINC00608","URS000075A844_9606","HGNC:27179"
"lncRNA","ENSG00000163081.4","URS0000DBA68C_9606","HGNC:26514"
"lncRNA","CT75","URS0000A7644B_9606","HGNC:37174"
"lncRNA","LINC01807","URS0000CCE0B1_9606","HGNC:52610"
"lncRNA","LINC00471","URS000075E41B_9606","HGNC:28668"
"lncRNA","IQCA1-AS1","URS00025E356C_9606","HGNC:41137"
"lncRNA","GPC1-AS1","URS0000E60B3F_9606","HGNC:56102"
"lncRNA","LINC03086","URS0000E60B17_9606","HGNC:56701"
"lncRNA","LINC01730","URS000075AC7B_9606","HGNC:52518"
"lncRNA","LINC01433","URS000075ECD9_9606","HGNC:50746"
"lncRNA","NONHSAG031198.2","URS000075A287_9606","HGNC:44315"
"lncRNA","LINC01713","URS0000BC458C_9606","HGNC:52500"
"lncRNA","PARAL1","URS000075C373_9606","HGNC:53772"
"lncRNA","LINC01723","URS000075D4FE_9606","HGNC:52511"
"lncRNA","ISM1-AS1","URS000075AFFD_9606","HGNC:44313"
"lncRNA","LINC00652","URS000075A4FE_9606","HGNC:25003"
"lncRNA","SCP2D1-AS1","URS0000E60A24_9606","HGNC:16210"
"lncRNA","LINC01432","URS000075F04E_9606","HGNC:50745"
"lncRNA","LINC00261","URS000075C45D_9606","HGNC:16189"
"lncRNA","LINC01747","URS0000BC445A_9606","HGNC:52536"
"lncRNA","LINC00656","URS000075E87C_9606","HGNC:27304"
"lncRNA","LINC01431","URS000075A94E_9606","HGNC:50744"
"lncRNA","ZNF337-AS1","URS00007E3D08_9606","HGNC:40759"
"lncRNA","MIR663AHG","URS0000759F7F_9606","HGNC:27662"
"lncRNA","MIR663AHG","URS00008C2A01_9606","HGNC:52453"
"lncRNA","NOL4L-DT","URS000075C569_9606","HGNC:44310"
"lncRNA","GDF5-AS1","URS0000E60AD7_9606","HGNC:33435"
"lncRNA","ENSG00000230155.8","URS00025EE1F4_9606","HGNC:40143"
"lncRNA","EPB41L1-AS1","URS0000BC44E5_9606","HGNC:55728"
"lncRNA","DLGAP4-AS1","URS000075AB8D_9606","HGNC:51223"
"lncRNA","SNHG11","URS000075E4A3_9606","HGNC:25046"
"lncRNA","PLCG1-AS1","URS0000759E22_9606","HGNC:40450"
"lncRNA","LINC01728","URS0000A76B30_9606","HGNC:52516"
"lncRNA","OSER1-DT","URS000075B4B5_9606","HGNC:48585"
"lncRNA","lnc-ADA-3","URS00008E399E_9606","HGNC:49901"
"lncRNA","STK4-DT","URS000075CC20_9606","HGNC:43811"
"lncRNA","SLC12A5-AS1","URS00003FB8AF_9606","HGNC:53143"
"lncRNA","LINC01754","URS0000BC43A9_9606","HGNC:52542"
"lncRNA","LINC01523","URS000075E74C_9606","HGNC:51225"
"lncRNA","LINC01522","URS000075B139_9606","HGNC:51224"
"lncRNA","LINC00494","URS000075AAA5_9606","HGNC:27657"
"lncRNA","LINC01275","URS00025E684C_9606","HGNC:50331"
"lncRNA","RBM38-AS1","URS0000BC45A2_9606","HGNC:40725"
"lncRNA","APCDD1L-DT","URS000075A519_9606","HGNC:27152"
"lncRNA","LINC01718","URS000075BFD7_9606","HGNC:52505"
"lncRNA","lnc-SLCO4A1-8","URS00007D2BE9_9606","HGNC:16159"
"lncRNA","SLCO4A1-AS1","URS000075A1F5_9606","HGNC:40537"
"lncRNA","LINC03104","URS00021231C9_9606","HGNC:56834"
"lncRNA","LINC03104","URS0002123133_9606","HGNC:56835"
"lncRNA","ASMER1","URS0000BC4618_9606","HGNC:53135"
"lncRNA","LINC01549","URS000075A936_9606","HGNC:1277"
"lncRNA","LINC02573","URS0000CCDF9F_9606","HGNC:53730"
"lncRNA","LINC01684","URS0000A773AE_9606","HGNC:52472"
"lncRNA","MIR155HG","URS000075EA4E_9606","HGNC:35460"
"lncRNA","BACH1-IT3","URS0000BC4650_9606","HGNC:16455"
"lncRNA","GRIK1-AS2","URS000075D82C_9606","HGNC:1282"
"lncRNA","GRIK1-AS1","URS000075B565_9606","HGNC:16458"
"lncRNA","TIAM1-AS1","URS000212321F_9606","HGNC:54361"
"lncRNA","LINC01690","URS0000A76FE9_9606","HGNC:52477"
"lncRNA","LINC01548","URS000075CA4D_9606","HGNC:1296"
"lncRNA","IL10RB-DT","URS000075CF5F_9606","HGNC:44303"
"lncRNA","DSCR4","URS0000BC43FE_9606","HGNC:3045"
"lncRNA","DSCR8","URS000075D1D9_9606","HGNC:16707"
"lncRNA","B3GALT5-AS1","URS000075B4E2_9606","HGNC:16424"
"lncRNA","LINC00111","URS000075D618_9606","HGNC:1262"
"lncRNA","LINC00112","URS000075E5EF_9606","HGNC:1263"
"lncRNA","LINC01671","URS000081210A_9606","HGNC:52459"
"lncRNA","LINC01679","URS00008E39FD_9606","HGNC:52469"
"lncRNA","LINC02575","URS0000D78084_9606","HGNC:53747"
"lncRNA","LINC01424","URS000075B98B_9606","HGNC:40558"
"lncRNA","LINC01547","URS0000759A06_9606","HGNC:15707"
"lncRNA","LINC00205","URS000075D064_9606","HGNC:16420"
"lncRNA","LINC01664","URS000075CC25_9606","HGNC:52452"
"lncRNA","HDHD5-AS1","URS000075A859_9606","HGNC:1842"
"lncRNA","ADORA2A-AS1","URS00008E39D5_9606","HGNC:37122"
"lncRNA","TFIP11-DT","URS0000A76908_9606","HGNC:55374"
"lncRNA","LINC01638","URS0002123252_9606","HGNC:52425"
"lncRNA","TTC28-AS1","URS000075C14D_9606","HGNC:29336"
"lncRNA","HORMAD2-AS1","URS0000EEACE2_9606","HGNC:50729"
"lncRNA","YWHAH-AS1","URS0002123254_9606","HGNC:23051"
"lncRNA","LINC02558","URS0000BC44B7_9606","HGNC:53597"
"lncRNA","LARGE-AS1","URS000075A914_9606","HGNC:40336"
"lncRNA","LINC02885","URS0000A774C0_9606","HGNC:41188"
"lncRNA","NCF4-AS1","URS0000BC44BC_9606","HGNC:40393"
"lncRNA","L3MBTL2-AS1","URS00004A8CFE_9606","HGNC:40847"
"lncRNA","NDUFA6-DT","URS000075D607_9606","HGNC:45273"
"lncRNA","LINC01589","URS0000812168_9606","HGNC:51520"
"lncRNA","LINC00899","URS000075B967_9606","HGNC:48583"
"lncRNA","PRR34-AS1","URS000075A679_9606","NA"
"lncRNA","SELENOO-AS1","URS00004A1D57_9606","HGNC:56048"
"lncRNA","EGOT","URS0000757E01_9606","HGNC:37129"
"lncRNA","LINC00606","URS0000CCE095_9606","HGNC:43931"
"lncRNA","HDAC11-AS1","URS000075E905_9606","HGNC:40868"
"lncRNA","LINC00690","URS000075D67C_9606","HGNC:44503"
"lncRNA","BALR6","URS0000E60B44_9606","HGNC:27946"
"lncRNA","UBE2E2-DT","URS0000A76D3C_9606","HGNC:44512"
"lncRNA","RARB-AS1","URS0000A764C1_9606","HGNC:54077"
"lncRNA","LINC00693","URS000075E5E8_9606","HGNC:44526"
"lncRNA","LINC02033","URS0000BC43B3_9606","HGNC:52867"
"lncRNA","EIF1B-AS1","URS000075C0E2_9606","NA"
"lncRNA","HHATL-AS1","URS0000BC45C0_9606","HGNC:42439"
"lncRNA","LIMD1-AS1","URS000075C13B_9606","HGNC:44107"
"lncRNA","LINC02009","URS0000CCE052_9606","HGNC:52845"
"lncRNA","TWF2-DT","URS0000A76425_9606","HGNC:55619"
"lncRNA","LINC00698","URS000075DECA_9606","HGNC:27720"
"lncRNA","ADAMTS9-AS2","URS000075C89F_9606","HGNC:42435"
"lncRNA","SUCLG2-DT","URS000075E742_9606","HGNC:49643"
"lncRNA","FOXP1-AS1","URS00007E4596_9606","HGNC:41942"
"lncRNA","LINC02018","URS0000CCE09B_9606","HGNC:52853"
"lncRNA","LINC02008","URS0000BC454C_9606","HGNC:52844"
"lncRNA","CCDC54-AS1","URS00007E4DE2_9606","HGNC:56107"
"lncRNA","LINC00636","URS000075C324_9606","HGNC:27702"
"lncRNA","MORC1-AS1","URS0000A77522_9606","HGNC:40377"
"lncRNA","NECTIN3-AS1","URS000075AD49_9606","HGNC:40813"
"lncRNA","LINC02042","URS000075B2BB_9606","HGNC:52882"
"lncRNA","CD200R1L-AS1","URS0000BC442A_9606","HGNC:54071"
"sRNA","TUSC7","URS000075F0E1_9606","HGNC:27701"
"lncRNA","H1-10-AS1","URS0000759AE5_9606","HGNC:27953"
"lncRNA","LINC02014","URS0000BC4449_9606","HGNC:52849"
"lncRNA","LINC02021","URS0000EEE7A7_9606","HGNC:52856"
"lncRNA","NUDT16-DT","URS00007598FE_9606","HGNC:27947"
"lncRNA","NPHP3-AS1","URS0000CCE05E_9606","HGNC:24129"
"lncRNA","ENSG00000240006.2","URS00025E81A1_9606","HGNC:52838"
"lncRNA","NCK1-DT","URS000075B4D1_9606","HGNC:49645"
"lncRNA","LINC01210","URS000075D823_9606","HGNC:49642"
"lncRNA","LINC02046","URS0000BC4617_9606","HGNC:52886"
"lncRNA","NONHSAG036436.2","URS000075C1F4_9606","HGNC:41048"
"lncRNA","LINC00886","URS000075C503_9606","HGNC:48572"
"lncRNA","LINC00881","URS0000469D72_9606","HGNC:48567"
"lncRNA","LINC01100","URS000075D2C1_9606","HGNC:49224"
"lncRNA","SLC7A14-AS1","URS0000A77752_9606","HGNC:54092"
"lncRNA","LINC01208","URS000075C55C_9606","HGNC:49639"
"lncRNA","TBL1XR1-AS1","URS000223167D_9606","HGNC:41243"
"lncRNA","PEX5L-AS2","URS000075C226_9606","HGNC:41252"
"lncRNA","SNHG33","URS000075D97B_9606","HGNC:48575"
"lncRNA","YEATS2-AS1","URS0000BC4564_9606","HGNC:41101"
"lncRNA","LINC02041","URS0000BC4492_9606","HGNC:52881"
"lncRNA","OPA1-AS1","URS000075C845_9606","HGNC:40421"
"lncRNA","LINC02038","URS0000BC4453_9606","HGNC:52878"
"lncRNA","NONHSAG037021.2","URS00004F6629_9606","NA"
"lncRNA","LINC00887","URS000075A9B0_9606","HGNC:48574"
"lncRNA","TMEM44-AS1","URS000075DE24_9606","HGNC:44272"
"lncRNA","ENSG00000229334.2","URS00025F3B1E_9606","HGNC:41082"
"lncRNA","XXYLT1-AS2","URS000075AF6F_9606","HGNC:41154"
"lncRNA","FAM157A","URS0000ABD871_9606","HGNC:34079"
"lncRNA","NUP107-DT","URS000075B50B_9606","HGNC:55587"
"lncRNA","LINC01587","URS00007E356C_9606","HGNC:13716"
"lncRNA","FAM86B2-DT","URS000075BA24_9606","HGNC:48726"
"lncRNA","LINC02270","URS00007E4BD8_9606","HGNC:53185"
"lncRNA","LINC01085","URS000075B913_9606","HGNC:27198"
"lncRNA","MED28-DT","URS0000E6DE80_9606","HGNC:55567"
"lncRNA","SEPSECS-AS1","URS00007599BF_9606","HGNC:27737"
"lncRNA","LINC02364","URS0000BC457F_9606","HGNC:53288"
"lncRNA","LINC02472","URS0000BC44FF_9606","HGNC:53411"
"lncRNA","LINC02501","URS0000BC4557_9606","HGNC:53489"
"lncRNA","LINC02506","URS00007E4D85_9606","HGNC:53495"
"lncRNA","LINC02484","URS0000BC45FC_9606","HGNC:53459"
"lncRNA","LINC02278","URS0000BC43CB_9606","HGNC:53194"
"lncRNA","SMIM14-DT","URS0000E7666D_9606","HGNC:53455"
"lncRNA","LINC00682","URS000075BB76_9606","HGNC:44466"
"lncRNA","LINC02383","URS0000BC4420_9606","HGNC:53306"
"lncRNA","USP46-DT","URS000075BD2C_9606","HGNC:43991"
"lncRNA","LINC02928","URS00021EF8E0_9606","HGNC:55799"
"lncRNA","ENSG00000288944.1","URS00022B22D7_9606","HGNC:53620"
"lncRNA","LINC02271","URS0000BC4548_9606","HGNC:53186"
"lncRNA","LINC02232","URS000075C0D6_9606","HGNC:53103"
"lncRNA","LINC02562","URS0000BC456A_9606","HGNC:53602"
"lncRNA","SDAD1-AS1","URS00007E3E03_9606","HGNC:41106"
"lncRNA","MAPK10-AS1","URS000075C0BC_9606","HGNC:40359"
"lncRNA","AFF1-AS1","URS000075D11F_9606","HGNC:53447"
"lncRNA","PPM1K-DT","URS0000A76A54_9606","HGNC:54093"
"lncRNA","UBE2D3-AS1","URS0000812122_9606","HGNC:54095"
"lncRNA","LEF1-AS1","URS000075CA92_9606","HGNC:40339"
"lncRNA","ENSG00000249815.2","URS00021F3545_9606","HGNC:55960"
"lncRNA","LINC02263","URS0000BC4421_9606","HGNC:53175"
"lncRNA","LINC02615","URS00007E40B4_9606","HGNC:53402"
"lncRNA","LINC01256","URS00007E45C1_9606","HGNC:49895"
"lncRNA","PCDH10-DT","URS00007E48C3_9606","HGNC:53036"
"lncRNA","LINC02462","URS0000BC4474_9606","HGNC:53399"
"lncRNA","LINC02485","URS0000BC4651_9606","HGNC:53460"
"lncRNA","LINC00613","URS000075C1CB_9606","HGNC:44060"
"lncRNA","SLC7A11-AS1","URS000075F088_9606","HGNC:44064"
"lncRNA","RAB33B-AS1","URS0000E60A68_9606","HGNC:55153"
"lncRNA","QKILA","URS00022B090A_9606","HGNC:55255"
"lncRNA","LINC01095","URS000075EB78_9606","HGNC:49220"
"lncRNA","HAND2-AS1","URS0000A76676_9606","HGNC:48872"
"lncRNA","LINC02509","URS0000BC4457_9606","HGNC:53498"
"lncRNA","LINC01098","URS000075A50F_9606","HGNC:27731"
"lncRNA","LINC00290","URS000075A4B6_9606","HGNC:38515"
"lncRNA","LINC02500","URS0000BC45A4_9606","HGNC:53488"
"lncRNA","ING2-DT","URS000075CD31_9606","HGNC:55723"
"lncRNA","LINC02427","URS0000BC43EE_9606","HGNC:53358"
"lncRNA","ENSG00000251230.7","URS00025E802B_9606","HGNC:52002"
"lncRNA","LINC02374","URS0000BC463E_9606","HGNC:53296"
"lncRNA","E","URS00004AEE93_9606","HGNC:53476"
"lncRNA","NONHSAG039581.2","URS000075D257_9606","HGNC:49081"
"lncRNA","LINC01596","URS00008E39EF_9606","HGNC:51591"
"lncRNA","FRG1-DT","URS0000BC453C_9606","HGNC:51590"
"lncRNA","SLC9A3-OT1","URS000075B559_9606","HGNC:24524"
"lncRNA","ENSG00000249116.2","URS00022B4960_9606","HGNC:40305"
"lncRNA","LINC01020","URS0000759CE1_9606","HGNC:27968"
"lncRNA","SNHG18","URS000075CB75_9606","HGNC:49007"
"lncRNA","LINC02221","URS0000BC452F_9606","HGNC:53090"
"lncRNA","LINC02149","URS000075AFDD_9606","HGNC:53010"
"lncRNA","MARCHF11-AS1","URS00025F7C3A_9606","HGNC:41287"
"lncRNA","NONHSAG039991.2","URS0000556FCD_9606","HGNC:53085"
"lncRNA","LINC02223","URS0000A763B7_9606","HGNC:53092"
"lncRNA","LINC02146","URS0000BC4468_9606","HGNC:53006"
"lncRNA","LINC02109","URS00008121D8_9606","HGNC:52964"
"lncRNA","CAPSL-DT","URS000075E6E5_9606","HGNC:56266"
"lncRNA","NADK2-AS1","URS00021231C1_9606","HGNC:41143"
"lncRNA","ENSG00000250155.3","URS00025E3C15_9606","HGNC:56374"
"lncRNA","CPLANE1-AS1","URS0000A76C0B_9606","HGNC:56117"
"lncRNA","GDNF-AS1","URS0000ABD86A_9606","HGNC:43592"
"lncRNA","EGFLAM-AS1","URS0002123220_9606","HGNC:41169"
"lncRNA","LINC00604","URS000212319F_9606","HGNC:43924"
"lncRNA","ANXA2R-AS1","URS000075AC8D_9606","HGNC:27208"
"lncRNA","LINC02224","URS00008E3979_9606","NA"
"lncRNA","LINC02057","URS0000BC448C_9606","HGNC:52900"
"lncRNA","LINC03123","URS000075E6FE_9606","HGNC:52969"
"lncRNA","FAM151B-DT","URS00022AE7DA_9606","HGNC:55578"
"lncRNA","LINC01338","URS000075A721_9606","HGNC:50547"
"lncRNA","LINC01554","URS000075DFD6_9606","HGNC:24687"
"lncRNA","LINC02234","URS0000BC44F1_9606","NA"
"lncRNA","CHD1-DT","URS0000CCE099_9606","HGNC:52907"
"lncRNA","LINC01848","URS0000ABD806_9606","HGNC:52663"
"lncRNA","HSALNG0044141","URS00003CE153_9606","HGNC:44117"
"lncRNA","LINCADL","URS0000D780CF_9606","HGNC:53956"
"lncRNA","SEMA6A-AS2","URS0000BC4452_9606","HGNC:52754"
"lncRNA","lnc-DTWD2-1","URS00002B6301_9606","HGNC:55568"
"lncRNA","MIR3936HG","URS000075A913_9606","HGNC:40538"
"lncRNA","CARINH","URS0000E60A9C_9606","HGNC:33838"
"lncRNA","PCDHB1-AS1","URS000075C966_9606","HGNC:56111"
"lncRNA","lnc-ARHGAP26-4","URS000075D08C_9606","NA"
"lncRNA","STK32A-AS1","URS0000BC4541_9606","HGNC:53468"
"lncRNA","SH3TC2-DT","URS000075B781_9606","HGNC:52905"
"lncRNA","SAP30L-AS1","URS000075E493_9606","HGNC:26760"
"lncRNA","LINC02159","URS000075CBF5_9606","HGNC:27749"
"lncRNA","LINC01944","URS0000BC4592_9606","HGNC:52768"
"lncRNA","LINC01411","URS00007E506F_9606","HGNC:50703"
"lncRNA","MRNIP-DT","URS0000A76CF9_9606","HGNC:56030"
"lncRNA","LINC02222","URS0000BC4482_9606","HGNC:53091"
"lncRNA","TRIM7-AS2","URS00025EFF10_9606","HGNC:56031"
"lncRNA","LINC03066","URS00002EA13A_9606","HGNC:27767"
"lncRNA","GMDS-DT","URS000075E18B_9606","HGNC:48993"
"lncRNA","LINC02533","URS0000BC4576_9606","HGNC:53566"
"lncRNA","LINC02530","URS0000BC440A_9606","HGNC:53556"
"lncRNA","GFOD1-AS1","URS0002123189_9606","HGNC:40956"
"lncRNA","CASC15","URS0000CCE117_9606","HGNC:28245"
"lncRNA","LINC03005","URS0000A7779A_9606","HGNC:56130"
"lncRNA","LINC01012","URS000075BAE5_9606","HGNC:48986"
"lncRNA","HCG15","URS0000ABD815_9606","HGNC:18361"
"lncRNA","LINC03003","URS0000A76F54_9606","HGNC:56126"
"lncRNA","LINC02569","URS0000BC44FD_9606","HGNC:39760"
"lncRNA","IER3-AS1","URS0000BC43FA_9606","HGNC:53629"
"lncRNA","lnc-IER3-15","URS0000A7648E_9606","HGNC:39766"
"lncRNA","PSORS1C3","URS000083C8B0_9606","HGNC:17203"
"lncRNA","MICA-AS1","URS0000BC4549_9606","HGNC:53631"
"lncRNA","MICB-DT","URS0000BC43BC_9606","HGNC:53632"
"lncRNA","SNHG32","URS0000E60A00_9606","HGNC:19078"
"lncRNA","HCG24","URS0000A76B5C_9606","HGNC:23500"
"lncRNA","ILRUN-AS1","URS0000A777D1_9606","HGNC:55216"
"lncRNA","BTBD9-AS1","URS0000A76683_9606","HGNC:40959"
"lncRNA","LINC02537","URS0000BC4652_9606","HGNC:27784"
"lncRNA","SCIRT","URS00007E3D3D_9606","HGNC:55341"
"lncRNA","TRAM2-AS1","URS000075D190_9606","HGNC:48663"
"lncRNA","MLIP-AS1","URS0000BC44F0_9606","HGNC:40963"
"lncRNA","DST-AS1","URS00007E4B2E_9606","HGNC:40098"
"lncRNA","FAM135A-AS1","URS0000BC43C8_9606","HGNC:40955"
"lncRNA","LINC02540","URS0000BC4480_9606","HGNC:53573"
"lncRNA","LINC01526","URS00007E4C9A_9606","HGNC:51265"
"lncRNA","LINC01611","URS00008E3A77_9606","HGNC:51791"
"lncRNA","UFL1-AS1","URS00025E8BD3_9606","HGNC:41007"
"lncRNA","BVES-AS1","URS000075BC9B_9606","HGNC:21223"
"lncRNA","LINC02526","URS0000BC445F_9606","HGNC:53550"
"lncRNA","TRAF3IP2-AS1","URS000075A5FA_9606","HGNC:40005"
"lncRNA","LINC02527","URS0000BC44CF_9606","HGNC:53553"
"lncRNA","LINC02518","URS0000BC45D4_9606","HGNC:53509"
"lncRNA","CALHM6-AS1","URS00025E343F_9606","HGNC:40971"
"lncRNA","RNF217-AS1","URS000075EEB1_9606","HGNC:50866"
"lncRNA","TARID","URS0000759C5B_9606","HGNC:50506"
"lncRNA","CT69","URS00007E33EF_9606","HGNC:37196"
"lncRNA","AHI1-DT","URS000075A820_9606","HGNC:32526"
"lncRNA","LINC03004","URS00007E3CB1_9606","HGNC:56128"
"lncRNA","LINC02865","URS00025E356A_9606","HGNC:54516"
"lncRNA","SIMALR","URS0000BC4578_9606","HGNC:53554"
"lncRNA","NHSL1-AS1","URS000075DB5F_9606","HGNC:40947"
"lncRNA","CCDC28A-AS1","URS0000E60A6D_9606","HGNC:51715"
"lncRNA","STXBP5-AS1","URS000075A035_9606","HGNC:44183"
"lncRNA","UST-AS2","URS0000A776CA_9606","HGNC:40803"
"lncRNA","TAB2-AS1","URS0000BC461A_9606","HGNC:53508"
"lncRNA","RAET1E-AS1","URS000075DCB9_9606","HGNC:48994"
"lncRNA","EZR-AS1","URS000075E0FC_9606","HGNC:40609"
"lncRNA","FNDC1-AS1","URS000075CD5F_9606","HGNC:55706"
"lncRNA","FNDC1-IT1","URS0002123164_9606","HGNC:41460"
"lncRNA","LINC00473","URS000075D5B0_9606","HGNC:21160"
"lncRNA","LINC01558","URS000075EDEF_9606","NA"
"lncRNA","LINC03015","URS0000A76531_9606","HGNC:56143"
"lncRNA","FOXL3-OT1","URS000194B0D5_9606","HGNC:54640"
"lncRNA","PRKAR1B-AS1","URS000075A91B_9606","HGNC:40470"
"lncRNA","LNCRI","URS00007C2E15_9606","HGNC:53790"
"lncRNA","RBAKDN","URS000075C759_9606","HGNC:33770"
"lncRNA","MIOS-DT","URS000075EE2C_9606","HGNC:55187"
"lncRNA","GLCCI1-DT","URS000075BA7C_9606","HGNC:40852"
"lncRNA","CRPPA-AS1","URS00007599CA_9606","HGNC:48962"
"lncRNA","ITGB8-AS1","URS000075BC59_9606","HGNC:55257"
"lncRNA","SNX10-AS1","URS0000A76872_9606","HGNC:55845"
"lncRNA","LINC02981","URS0000BC4626_9606","HGNC:56055"
"lncRNA","HOTAIRM1","URS000075CF47_9606","HGNC:37117"
"lncRNA","CPVL-AS2","URS000075C32B_9606","HGNC:56138"
"lncRNA","LINC01176","URS000075A7FE_9606","HGNC:49548"
"lncRNA","LINC00265","URS000075CC82_9606","HGNC:28019"
"lncRNA","INHBA-AS1","URS0000CCDF9A_9606","HGNC:40303"
"lncRNA","LINC01448","URS000075CCA7_9606","HGNC:50790"
"lncRNA","LINC00957","URS000075BC76_9606","HGNC:22332"
"lncRNA","PKD1L1-AS1","URS0000E60AF6_9606","HGNC:21911"
"lncRNA","LINC01005","URS000075A4F0_9606","HGNC:48963"
"lncRNA","LINC03006","URS00007E4026_9606","HGNC:56131"
"lncRNA","LINC00174","URS000075E19E_9606","HGNC:27788"
"lncRNA","LINC03011","URS0000A765C9_9606","HGNC:56136"
"lncRNA","ELN-AS1","URS00025E6A20_9606","HGNC:40212"
"lncRNA","LINC03009","URS000075ECDB_9606","HGNC:56134"
"lncRNA","MAGI2-AS3","URS0000759965_9606","HGNC:40862"
"lncRNA","DMTF1-AS1","URS0000A77178_9606","HGNC:55864"
"lncRNA","CYP51A1-AS1","URS000075D847_9606","HGNC:50694"
"lncRNA","COL1A2-AS1","URS0000BC4488_9606","HGNC:53133"
"lncRNA","SLC12A9-AS1","URS0000BC459D_9606","HGNC:40807"
"lncRNA","LNCPRESS1","URS0000BC450A_9606","HGNC:52746"
"lncRNA","EMSLR","URS0000A76561_9606","HGNC:54408"
"lncRNA","LINC02577","URS000212316C_9606","HGNC:53749"
"lncRNA","CBLL1-AS1","URS0000A76AC3_9606","HGNC:55571"
"lncRNA","LINC02903","URS00007BC1B0_9606","HGNC:33712"
"lncRNA","LINC03076","URS000075BC92_9606","HGNC:56656"
"lncRNA","ST7-OT4","URS0000CCE06E_9606","HGNC:18835"
"lncRNA","ENSG00000240758.2","URS0000EF2F11_9606","HGNC:55641"
"lncRNA","LINC00513","URS000075E2F6_9606","HGNC:43566"
"lncRNA","MKLN1-AS","URS000075C425_9606","HGNC:40374"
"lncRNA","FAM131B-AS2","URS0000E60A13_9606","HGNC:56141"
"lncRNA","EPHA1-AS1","URS000075E553_9606","HGNC:27799"
"lncRNA","ATP6V0E2-AS1","URS000075E2F4_9606","HGNC:44180"
"lncRNA","WDR86-AS1","URS000075B24D_9606","HGNC:41186"
"lncRNA","PRKAG2-AS2","URS000212323E_9606","HGNC:40467"
"lncRNA","BLACE","URS000075DC13_9606","HGNC:20484"
"lncRNA","LINC03010","URS0000BC4616_9606","HGNC:56135"
"lncRNA","MNX1-AS1","URS000075D82B_9606","HGNC:48954"
"lncRNA","PTPRN2-AS1","URS000075C020_9606","HGNC:40488"
"lncRNA","LINC00689","URS000075E164_9606","HGNC:27217"
"lncRNA","lnc-ERICH1-19","URS0000A773E6_9606","HGNC:55523"
"lncRNA","FAM85B","URS0000BC465B_9606","HGNC:32160"
"lncRNA","ENSG00000253505.4","URS0000DB9AFA_9606","HGNC:55964"
"lncRNA","ENSG00000254153.2","URS00022B9017_9606","HGNC:55965"
"lncRNA","LINC00529","URS0002123255_9606","HGNC:15544"
"lncRNA","TDH-AS1","URS0000BC4648_9606","HGNC:55510"
"lncRNA","FAM85A","URS0000BC43AD_9606","HGNC:17606"
"lncRNA","LINC00681","URS0000ABD8C2_9606","HGNC:44423"
"lncRNA","NONHSAG049763.2","URS000075CE0C_9606","HGNC:56648"
"lncRNA","ADAM7-AS2","URS00007E4591_9606","HGNC:56153"
"lncRNA","LINC00589","URS0000CCE0F1_9606","HGNC:32299"
"lncRNA","LINC02099","URS00007E3400_9606","HGNC:52953"
"lncRNA","LINC02209","URS000075C585_9606","HGNC:27827"
"lncRNA","LINC03042","URS0001981391_9606","HGNC:33774"
"sRNA","IKBKB-DT","URS00007E39E2_9606","HGNC:55254"
"lncRNA","PCMTD1-DT","URS00025E8980_9606","HGNC:55791"
"lncRNA","LINC00968","URS000075A7FC_9606","HGNC:48727"
"lncRNA","LINC00251","URS000075C711_9606","HGNC:31950"
"lncRNA","C8orf34-AS1","URS000075EA23_9606","HGNC:27840"
"lncRNA","SLCO5A1-AS1","URS00022B288D_9606","HGNC:55595"
"lncRNA","LACTB2-AS1","URS000075D2DF_9606","HGNC:27841"
"lncRNA","STAU2-AS1","URS000075D7E2_9606","HGNC:44101"
"lncRNA","ZFHX4-AS1","URS000075CAFC_9606","HGNC:44165"
"lncRNA","OTUD6B-AS1","URS000075D817_9606","HGNC:50466"
"lncRNA","LINC01181","URS0000ABD8CE_9606","HGNC:25533"
"lncRNA","LINC01151","URS00003F2CFE_9606","HGNC:49471"
"lncRNA","FAM83A-AS2","URS00004BFF87_9606","HGNC:56225"
"lncRNA","FER1L6-AS2","URS0000759E35_9606","HGNC:26534"
"sRNA","PVT1","URS00008E3A67_9606","HGNC:9709"
"lncRNA","LINC02055","URS000033D6AF_9606","HGNC:52895"
"lncRNA","SLC45A4-AS1","URS0000E60A84_9606","HGNC:56711"
"lncRNA","LY6E-DT","URS000075CA9F_9606","HGNC:53728"
"lncRNA","NONHSAG051472.2","URS00009B592E_9606","HGNC:26731"
"lncRNA","VLDLR-AS1","URS00008121F7_9606","HGNC:49621"
"lncRNA","LINC01231","URS000075C6B3_9606","HGNC:49688"
"lncRNA","CDC37L1-DT","URS000075E127_9606","HGNC:49735"
"lncRNA","LINC03041","URS0000DB9E82_9606","HGNC:19054"
"lncRNA","MIR31HG","URS0000CCDFB4_9606","HGNC:37187"
"lncRNA","LINC01241","URS000075DE7D_9606","HGNC:49804"
"lncRNA","LINC03106","URS00007BBD79_9606","HGNC:56836"
"lncRNA","UBE2R2-AS1","URS0002123160_9606","HGNC:49911"
"lncRNA","CNTFR-AS1","URS000075A991_9606","HGNC:48712"
"lncRNA","DNAJB5-DT","URS000075B376_9606","HGNC:49846"
"lncRNA","FAM201A","URS000075AC74_9606","HGNC:27239"
"lncRNA","FAM95B1","URS0000759C7C_9606","HGNC:32318"
"lncRNA","LINC03025","URS0000BC460F_9606","HGNC:56158"
"lncRNA","FAM242F","URS0000A773E0_9606","HGNC:53876"
"lncRNA","FAM88F","URS0000BC4600_9606","HGNC:56162"
"lncRNA","NONHSAG052239.2","URS000075DBA9_9606","HGNC:32031"
"lncRNA","BANCR","URS0000759AA6_9606","HGNC:43877"
"lncRNA","CFAP95-DT","URS000075A4EF_9606","HGNC:48713"
"lncRNA","VPS13A-AS1","URS000075ED86_9606","HGNC:44167"
"lncRNA","TLE1-DT","URS0000759AE9_9606","HGNC:55701"
"lncRNA","UBQLN1-AS1","URS0000A76698_9606","HGNC:55518"
"lncRNA","LINC02843","URS00021231E4_9606","HGNC:27847"
"lncRNA","LINC01501","URS000075B5F1_9606","HGNC:27988"
"lncRNA","LINC00475","URS000075E2BA_9606","HGNC:23569"
"lncRNA","MIRLET7A1HG","URS0002123205_9606","HGNC:53970"
"lncRNA","HSD17B3-AS1","URS0000BC456B_9606","HGNC:53136"
"lncRNA","ADIPINT","URS00025E353D_9606","HGNC:56273"
"lncRNA","LINC01505","URS000075E3BA_9606","HGNC:51186"
"lncRNA","HSDL2-AS1","URS00021ED9D3_9606","HGNC:31438"
"lncRNA","FAM225A","URS000075B874_9606","HGNC:21865"
"lncRNA","LINC00474","URS0000CCE02B_9606","HGNC:23367"
"lncRNA","PAPPA-AS2","URS00021231FF_9606","HGNC:35160"
"lncRNA","PBX3-DT","URS000075E8DF_9606","HGNC:24638"
"lncRNA","ODF2-AS1","URS000212313C_9606","HGNC:49461"
"lncRNA","IER5L-AS1","URS000218112A_9606","HGNC:55825"
"lncRNA","LINC00963","URS000075C353_9606","HGNC:48716"
"lncRNA","ENSG00000178243.4","URS00007BEBA9_9606","HGNC:28581"
"lncRNA","PPP1R26-AS1","URS000075C8DA_9606","HGNC:48717"
"lncRNA","LINC02908","URS000212322C_9606","HGNC:31426"
"lncRNA","ARRDC1-AS1","URS0000759D8C_9606","HGNC:23395"
"lncRNA","FAM157B","URS0000ABD89A_9606","HGNC:34080"
"lncRNA","LINC00685","URS0000759D41_9606","HGNC:27560"
"lncRNA","LINC00102","URS000075E171_9606","HGNC:30470"
"lncRNA","ARSD-AS1","URS0000A76F0C_9606","HGNC:40085"
"lncRNA","LINC01546","URS000075B7AF_9606","HGNC:27336"
"lncRNA","ENSG00000234129.10","URS00022AFCC6_9606","HGNC:55698"
"lncRNA","TLR8-AS1","URS000075D4A0_9606","HGNC:40720"
"lncRNA","PHKA2-AS1","URS000075CB2F_9606","HGNC:44110"
"lncRNA","TAB3-AS1","URS0000ABD80D_9606","HGNC:20176"
"lncRNA","LINC02601","URS0000A7744F_9606","HGNC:53966"
"lncRNA","NDP-AS1","URS0000BC4470_9606","HGNC:40395"
"lncRNA","LINC01186","URS0000759D9D_9606","HGNC:49573"
"lncRNA","ZNF630-AS1","URS0000A77018_9606","HGNC:41215"
"lncRNA","MIR223HG","URS00021231B4_9606","HGNC:54520"
"lncRNA","JPX","URS000075CF99_9606","HGNC:37191"
"lncRNA","FTX","URS000043C800_9606","HGNC:37190"
"lncRNA","PLS3-AS1","URS000075AAD5_9606","HGNC:50343"
"lncRNA","DANT1","URS0000BC4443_9606","HGNC:50863"
"lncRNA","RHOXF1-AS1","URS0000812161_9606","HGNC:51582"
"lncRNA","NONHSAG055315.2","URS00002F3F76_9606","HGNC:49627"
"lncRNA","LINC02243","URS0000A76CE7_9606","HGNC:53129"
"lncRNA","LINC00892","URS000075A10E_9606","HGNC:48578"
"lncRNA","ENSG00000224765.2","URS00025F35BA_9606","HGNC:55853"
"lncRNA","EOLA2-DT","URS000075C601_9606","HGNC:48579"
"lncRNA","ATP6AP1-DT","URS000075C8C8_9606","HGNC:25138"
"lncRNA","WASIR1","URS0000A76759_9606","HGNC:38513"
